-- MySQL dump 10.13  Distrib 5.7.42, for Linux (x86_64)
--
-- Host: localhost    Database: accounts_book
-- ------------------------------------------------------
-- Server version	5.7.42-log
/*!40101 SET @OLD_CHARACTER_SET_CLIENT=@@CHARACTER_SET_CLIENT */
;

/*!40101 SET @OLD_CHARACTER_SET_RESULTS=@@CHARACTER_SET_RESULTS */
;

/*!40101 SET @OLD_COLLATION_CONNECTION=@@COLLATION_CONNECTION */
;

/*!40101 SET NAMES utf8mb4 */
;

/*!40103 SET @OLD_TIME_ZONE=@@TIME_ZONE */
;

/*!40103 SET TIME_ZONE='+00:00' */
;

/*!40014 SET @OLD_UNIQUE_CHECKS=@@UNIQUE_CHECKS, UNIQUE_CHECKS=0 */
;

/*!40014 SET @OLD_FOREIGN_KEY_CHECKS=@@FOREIGN_KEY_CHECKS, FOREIGN_KEY_CHECKS=0 */
;

/*!40101 SET @OLD_SQL_MODE=@@SQL_MODE, SQL_MODE='NO_AUTO_VALUE_ON_ZERO' */
;

/*!40111 SET @OLD_SQL_NOTES=@@SQL_NOTES, SQL_NOTES=0 */
;

--
-- Table structure for table `budgets`
--
DROP TABLE IF EXISTS `budgets`;

/*!40101 SET @saved_cs_client     = @@character_set_client */
;

/*!40101 SET character_set_client = utf8 */
;

CREATE TABLE `budgets` (
    `id` int(11) NOT NULL AUTO_INCREMENT,
    `created_at` datetime(6) NOT NULL DEFAULT CURRENT_TIMESTAMP(6),
    `updated_at` datetime(6) NOT NULL DEFAULT CURRENT_TIMESTAMP(6) ON UPDATE CURRENT_TIMESTAMP(6),
    `user_id` int(11) NOT NULL,
    `period_id` int(11) NOT NULL,
    `amount` int(11) NOT NULL,
    PRIMARY KEY (`id`),
    UNIQUE KEY `IDX_df14db99bbd3b8e376b6224aee` (`user_id`, `period_id`),
    KEY `FK_13cac50fe579ec6d6db68f60e73` (`period_id`),
    CONSTRAINT `FK_13cac50fe579ec6d6db68f60e73` FOREIGN KEY (`period_id`) REFERENCES `periods` (`id`) ON DELETE NO ACTION ON UPDATE NO ACTION,
    CONSTRAINT `FK_5d25d8bbd6c209261dfe04558f1` FOREIGN KEY (`user_id`) REFERENCES `users` (`id`) ON DELETE NO ACTION ON UPDATE NO ACTION
) ENGINE = InnoDB AUTO_INCREMENT = 10 DEFAULT CHARSET = utf8mb4;

/*!40101 SET character_set_client = @saved_cs_client */
;

--
-- Dumping data for table `budgets`
--
LOCK TABLES `budgets` WRITE;

/*!40000 ALTER TABLE `budgets` DISABLE KEYS */
;

INSERT INTO
    `budgets`
VALUES
    (
        1,
        '2023-05-07 23:06:13.220798',
        '2023-05-07 23:06:13.220798',
        1,
        1,
        1000
    ),
(
        2,
        '2023-05-07 23:06:13.220798',
        '2023-05-07 23:06:13.220798',
        1,
        2,
        10000
    ),
(
        3,
        '2023-05-07 23:06:13.220798',
        '2023-05-07 23:06:13.220798',
        1,
        3,
        150000
    ),
(
        4,
        '2023-05-07 23:06:13.220798',
        '2023-05-07 23:06:13.220798',
        1,
        4,
        400000
    ),
(
        5,
        '2023-05-07 23:06:13.220798',
        '2023-05-07 23:06:13.220798',
        1,
        5,
        2000000
    ),
(
        6,
        '2023-05-07 23:06:13.220798',
        '2023-05-07 23:06:13.220798',
        1,
        6,
        3500000
    ),
(
        7,
        '2023-05-07 23:06:13.220798',
        '2023-05-07 23:06:13.220798',
        2,
        1,
        1200
    ),
(
        8,
        '2023-05-07 23:06:13.220798',
        '2023-05-07 23:06:13.220798',
        2,
        2,
        10000
    ),
(
        9,
        '2023-05-07 23:06:13.220798',
        '2023-05-07 23:06:13.220798',
        2,
        3,
        130000
    );

/*!40000 ALTER TABLE `budgets` ENABLE KEYS */
;

UNLOCK TABLES;

--
-- Table structure for table `categories`
--
DROP TABLE IF EXISTS `categories`;

/*!40101 SET @saved_cs_client     = @@character_set_client */
;

/*!40101 SET character_set_client = utf8 */
;

CREATE TABLE `categories` (
    `id` int(11) NOT NULL AUTO_INCREMENT,
    `created_at` datetime(6) NOT NULL DEFAULT CURRENT_TIMESTAMP(6),
    `updated_at` datetime(6) NOT NULL DEFAULT CURRENT_TIMESTAMP(6) ON UPDATE CURRENT_TIMESTAMP(6),
    `deleted_at` datetime(6) DEFAULT NULL,
    `name` varchar(255) NOT NULL,
    `parent_category_id` int(11) DEFAULT NULL,
    PRIMARY KEY (`id`),
    KEY `FK_de08738901be6b34d2824a1e243` (`parent_category_id`),
    CONSTRAINT `FK_de08738901be6b34d2824a1e243` FOREIGN KEY (`parent_category_id`) REFERENCES `parent_categories` (`id`) ON DELETE NO ACTION ON UPDATE NO ACTION
) ENGINE = InnoDB AUTO_INCREMENT = 101 DEFAULT CHARSET = utf8mb4;

/*!40101 SET character_set_client = @saved_cs_client */
;

--
-- Dumping data for table `categories`
--
LOCK TABLES `categories` WRITE;

/*!40000 ALTER TABLE `categories` DISABLE KEYS */
;

INSERT INTO
    `categories`
VALUES
    (
        1,
        '2023-05-07 23:05:55.347458',
        '2023-05-07 23:05:55.347458',
        NULL,
        '食費',
        1
    ),
(
        2,
        '2023-05-07 23:05:55.347458',
        '2023-05-07 23:05:55.347458',
        NULL,
        '食料品',
        1
    ),
(
        3,
        '2023-05-07 23:05:55.347458',
        '2023-05-07 23:05:55.347458',
        NULL,
        '外食',
        1
    ),
(
        4,
        '2023-05-07 23:05:55.347458',
        '2023-05-07 23:05:55.347458',
        NULL,
        '朝ご飯',
        1
    ),
(
        5,
        '2023-05-07 23:05:55.347458',
        '2023-05-07 23:05:55.347458',
        NULL,
        '昼ご飯',
        1
    ),
(
        6,
        '2023-05-07 23:05:55.347458',
        '2023-05-07 23:05:55.347458',
        NULL,
        '夜ご飯',
        1
    ),
(
        7,
        '2023-05-07 23:05:55.347458',
        '2023-05-07 23:05:55.347458',
        NULL,
        'カフェ',
        1
    ),
(
        8,
        '2023-05-07 23:05:55.347458',
        '2023-05-07 23:05:55.347458',
        NULL,
        'その他食費',
        1
    ),
(
        9,
        '2023-05-07 23:05:55.347458',
        '2023-05-07 23:05:55.347458',
        NULL,
        '日用品',
        2
    ),
(
        10,
        '2023-05-07 23:05:55.347458',
        '2023-05-07 23:05:55.347458',
        NULL,
        '子育て用品',
        2
    ),
(
        11,
        '2023-05-07 23:05:55.347458',
        '2023-05-07 23:05:55.347458',
        NULL,
        'ドラッグストア',
        2
    ),
(
        12,
        '2023-05-07 23:05:55.347458',
        '2023-05-07 23:05:55.347458',
        NULL,
        'おこづかい',
        2
    ),
(
        13,
        '2023-05-07 23:05:55.347458',
        '2023-05-07 23:05:55.347458',
        NULL,
        'ペット用品',
        2
    ),
(
        14,
        '2023-05-07 23:05:55.347458',
        '2023-05-07 23:05:55.347458',
        NULL,
        'タバコ',
        2
    ),
(
        15,
        '2023-05-07 23:05:55.347458',
        '2023-05-07 23:05:55.347458',
        NULL,
        'その他日用品',
        2
    ),
(
        16,
        '2023-05-07 23:05:55.347458',
        '2023-05-07 23:05:55.347458',
        NULL,
        '漫画',
        3
    ),
(
        17,
        '2023-05-07 23:05:55.347458',
        '2023-05-07 23:05:55.347458',
        NULL,
        'アウトドア',
        3
    ),
(
        18,
        '2023-05-07 23:05:55.347458',
        '2023-05-07 23:05:55.347458',
        NULL,
        'ゴルフ',
        3
    ),
(
        19,
        '2023-05-07 23:05:55.347458',
        '2023-05-07 23:05:55.347458',
        NULL,
        'スポーツ',
        3
    ),
(
        20,
        '2023-05-07 23:05:55.347458',
        '2023-05-07 23:05:55.347458',
        NULL,
        '映画・音楽・ゲーム',
        3
    ),
(
        21,
        '2023-05-07 23:05:55.347458',
        '2023-05-07 23:05:55.347458',
        NULL,
        '本',
        3
    ),
(
        22,
        '2023-05-07 23:05:55.347458',
        '2023-05-07 23:05:55.347458',
        NULL,
        '旅行',
        3
    ),
(
        23,
        '2023-05-07 23:05:55.347458',
        '2023-05-07 23:05:55.347458',
        NULL,
        '秘密の趣味',
        3
    ),
(
        24,
        '2023-05-07 23:05:55.347458',
        '2023-05-07 23:05:55.347458',
        NULL,
        'その他趣味・娯楽',
        3
    ),
(
        25,
        '2023-05-07 23:05:55.347458',
        '2023-05-07 23:05:55.347458',
        NULL,
        '交際費',
        4
    ),
(
        26,
        '2023-05-07 23:05:55.347458',
        '2023-05-07 23:05:55.347458',
        NULL,
        '飲み会',
        4
    ),
(
        27,
        '2023-05-07 23:05:55.347458',
        '2023-05-07 23:05:55.347458',
        NULL,
        'プレゼント代',
        4
    ),
(
        28,
        '2023-05-07 23:05:55.347458',
        '2023-05-07 23:05:55.347458',
        NULL,
        '冠婚葬祭',
        4
    ),
(
        29,
        '2023-05-07 23:05:55.347458',
        '2023-05-07 23:05:55.347458',
        NULL,
        'その他交際費',
        4
    ),
(
        30,
        '2023-05-07 23:05:55.347458',
        '2023-05-07 23:05:55.347458',
        NULL,
        '交通費',
        5
    ),
(
        31,
        '2023-05-07 23:05:55.347458',
        '2023-05-07 23:05:55.347458',
        NULL,
        '電車',
        5
    ),
(
        32,
        '2023-05-07 23:05:55.347458',
        '2023-05-07 23:05:55.347458',
        NULL,
        'バス',
        5
    ),
(
        33,
        '2023-05-07 23:05:55.347458',
        '2023-05-07 23:05:55.347458',
        NULL,
        'タクシー',
        5
    ),
(
        34,
        '2023-05-07 23:05:55.347458',
        '2023-05-07 23:05:55.347458',
        NULL,
        '飛行機',
        5
    ),
(
        35,
        '2023-05-07 23:05:55.347458',
        '2023-05-07 23:05:55.347458',
        NULL,
        'その他交通費',
        5
    ),
(
        36,
        '2023-05-07 23:05:55.347458',
        '2023-05-07 23:05:55.347458',
        NULL,
        '衣服',
        6
    ),
(
        37,
        '2023-05-07 23:05:55.347458',
        '2023-05-07 23:05:55.347458',
        NULL,
        'クリーニング',
        6
    ),
(
        38,
        '2023-05-07 23:05:55.347458',
        '2023-05-07 23:05:55.347458',
        NULL,
        '美容院・理髪',
        6
    ),
(
        39,
        '2023-05-07 23:05:55.347458',
        '2023-05-07 23:05:55.347458',
        NULL,
        '化粧品',
        6
    ),
(
        40,
        '2023-05-07 23:05:55.347458',
        '2023-05-07 23:05:55.347458',
        NULL,
        'アクセサリー',
        6
    ),
(
        41,
        '2023-05-07 23:05:55.347458',
        '2023-05-07 23:05:55.347458',
        NULL,
        'その他衣服・美容',
        6
    ),
(
        42,
        '2023-05-07 23:05:55.347458',
        '2023-05-07 23:05:55.347458',
        NULL,
        'フィットネス',
        7
    ),
(
        43,
        '2023-05-07 23:05:55.347458',
        '2023-05-07 23:05:55.347458',
        NULL,
        'ボディケア',
        7
    ),
(
        44,
        '2023-05-07 23:05:55.347458',
        '2023-05-07 23:05:55.347458',
        NULL,
        '医療費',
        7
    ),
(
        45,
        '2023-05-07 23:05:55.347458',
        '2023-05-07 23:05:55.347458',
        NULL,
        '薬',
        7
    ),
(
        46,
        '2023-05-07 23:05:55.347458',
        '2023-05-07 23:05:55.347458',
        NULL,
        'その他健康・医療',
        7
    ),
(
        47,
        '2023-05-07 23:05:55.347458',
        '2023-05-07 23:05:55.347458',
        NULL,
        '自動車ローン',
        8
    ),
(
        48,
        '2023-05-07 23:05:55.347458',
        '2023-05-07 23:05:55.347458',
        NULL,
        '道路料金',
        8
    ),
(
        49,
        '2023-05-07 23:05:55.347458',
        '2023-05-07 23:05:55.347458',
        NULL,
        'ガソリン',
        8
    ),
(
        50,
        '2023-05-07 23:05:55.347458',
        '2023-05-07 23:05:55.347458',
        NULL,
        '駐車場',
        8
    ),
(
        51,
        '2023-05-07 23:05:55.347458',
        '2023-05-07 23:05:55.347458',
        NULL,
        '車両',
        8
    ),
(
        52,
        '2023-05-07 23:05:55.347458',
        '2023-05-07 23:05:55.347458',
        NULL,
        '車検・整備',
        8
    ),
(
        53,
        '2023-05-07 23:05:55.347458',
        '2023-05-07 23:05:55.347458',
        NULL,
        '自動車保険',
        8
    ),
(
        54,
        '2023-05-07 23:05:55.347458',
        '2023-05-07 23:05:55.347458',
        NULL,
        'その他自動車',
        8
    ),
(
        55,
        '2023-05-07 23:05:55.347458',
        '2023-05-07 23:05:55.347458',
        NULL,
        '書籍',
        9
    ),
(
        56,
        '2023-05-07 23:05:55.347458',
        '2023-05-07 23:05:55.347458',
        NULL,
        '新聞・雑誌',
        9
    ),
(
        57,
        '2023-05-07 23:05:55.347458',
        '2023-05-07 23:05:55.347458',
        NULL,
        '習いごと',
        9
    ),
(
        58,
        '2023-05-07 23:05:55.347458',
        '2023-05-07 23:05:55.347458',
        NULL,
        '学費',
        9
    ),
(
        59,
        '2023-05-07 23:05:55.347458',
        '2023-05-07 23:05:55.347458',
        NULL,
        '塾',
        9
    ),
(
        60,
        '2023-05-07 23:05:55.347458',
        '2023-05-07 23:05:55.347458',
        NULL,
        'その他教養・教育',
        9
    ),
(
        61,
        '2023-05-07 23:05:55.347458',
        '2023-05-07 23:05:55.347458',
        NULL,
        '家具・家電',
        10
    ),
(
        62,
        '2023-05-07 23:05:55.347458',
        '2023-05-07 23:05:55.347458',
        NULL,
        '住宅・リフォーム',
        10
    ),
(
        63,
        '2023-05-07 23:05:55.347458',
        '2023-05-07 23:05:55.347458',
        NULL,
        'その他特別な支出',
        10
    ),
(
        64,
        '2023-05-07 23:05:55.347458',
        '2023-05-07 23:05:55.347458',
        NULL,
        'ATM引き出し',
        11
    ),
(
        65,
        '2023-05-07 23:05:55.347458',
        '2023-05-07 23:05:55.347458',
        NULL,
        'カード引き落とし',
        11
    ),
(
        66,
        '2023-05-07 23:05:55.347458',
        '2023-05-07 23:05:55.347458',
        NULL,
        '電子マネー',
        11
    ),
(
        67,
        '2023-05-07 23:05:55.347458',
        '2023-05-07 23:05:55.347458',
        NULL,
        '使途不明金',
        11
    ),
(
        68,
        '2023-05-07 23:05:55.347458',
        '2023-05-07 23:05:55.347458',
        NULL,
        'その他現金・カード',
        11
    ),
(
        69,
        '2023-05-07 23:05:55.347458',
        '2023-05-07 23:05:55.347458',
        NULL,
        '光熱費',
        12
    ),
(
        70,
        '2023-05-07 23:05:55.347458',
        '2023-05-07 23:05:55.347458',
        NULL,
        '電気代',
        12
    ),
(
        71,
        '2023-05-07 23:05:55.347458',
        '2023-05-07 23:05:55.347458',
        NULL,
        'ガス・灯油代',
        12
    ),
(
        72,
        '2023-05-07 23:05:55.347458',
        '2023-05-07 23:05:55.347458',
        NULL,
        '水道代',
        12
    ),
(
        73,
        '2023-05-07 23:05:55.347458',
        '2023-05-07 23:05:55.347458',
        NULL,
        'その他水道・光熱費',
        12
    ),
(
        74,
        '2023-05-07 23:05:55.347458',
        '2023-05-07 23:05:55.347458',
        NULL,
        '携帯電話',
        13
    ),
(
        75,
        '2023-05-07 23:05:55.347458',
        '2023-05-07 23:05:55.347458',
        NULL,
        '固定電話',
        13
    ),
(
        76,
        '2023-05-07 23:05:55.347458',
        '2023-05-07 23:05:55.347458',
        NULL,
        'インターネット',
        13
    ),
(
        77,
        '2023-05-07 23:05:55.347458',
        '2023-05-07 23:05:55.347458',
        NULL,
        '放送視聴料',
        13
    ),
(
        78,
        '2023-05-07 23:05:55.347458',
        '2023-05-07 23:05:55.347458',
        NULL,
        '情報サービス',
        13
    ),
(
        79,
        '2023-05-07 23:05:55.347458',
        '2023-05-07 23:05:55.347458',
        NULL,
        '宅配便・運送',
        13
    ),
(
        80,
        '2023-05-07 23:05:55.347458',
        '2023-05-07 23:05:55.347458',
        NULL,
        'その他通信費',
        13
    ),
(
        81,
        '2023-05-07 23:05:55.347458',
        '2023-05-07 23:05:55.347458',
        NULL,
        '住宅',
        14
    ),
(
        82,
        '2023-05-07 23:05:55.347458',
        '2023-05-07 23:05:55.347458',
        NULL,
        '家賃・地代',
        14
    ),
(
        83,
        '2023-05-07 23:05:55.347458',
        '2023-05-07 23:05:55.347458',
        NULL,
        'ローン返済',
        14
    ),
(
        84,
        '2023-05-07 23:05:55.347458',
        '2023-05-07 23:05:55.347458',
        NULL,
        '管理費・積立金',
        14
    ),
(
        85,
        '2023-05-07 23:05:55.347458',
        '2023-05-07 23:05:55.347458',
        NULL,
        '地震・火災保険',
        14
    ),
(
        86,
        '2023-05-07 23:05:55.347458',
        '2023-05-07 23:05:55.347458',
        NULL,
        'その他住宅',
        14
    ),
(
        87,
        '2023-05-07 23:05:55.347458',
        '2023-05-07 23:05:55.347458',
        NULL,
        '所得税・住民税',
        15
    ),
(
        88,
        '2023-05-07 23:05:55.347458',
        '2023-05-07 23:05:55.347458',
        NULL,
        '年金保険料',
        15
    ),
(
        89,
        '2023-05-07 23:05:55.347458',
        '2023-05-07 23:05:55.347458',
        NULL,
        '健康保険',
        15
    ),
(
        90,
        '2023-05-07 23:05:55.347458',
        '2023-05-07 23:05:55.347458',
        NULL,
        'その他税・社会保障',
        15
    ),
(
        91,
        '2023-05-07 23:05:55.347458',
        '2023-05-07 23:05:55.347458',
        NULL,
        '生命保険',
        16
    ),
(
        92,
        '2023-05-07 23:05:55.347458',
        '2023-05-07 23:05:55.347458',
        NULL,
        '医療保険',
        16
    ),
(
        93,
        '2023-05-07 23:05:55.347458',
        '2023-05-07 23:05:55.347458',
        NULL,
        'その他保険',
        16
    ),
(
        94,
        '2023-05-07 23:05:55.347458',
        '2023-05-07 23:05:55.347458',
        NULL,
        '仕送り',
        17
    ),
(
        95,
        '2023-05-07 23:05:55.347458',
        '2023-05-07 23:05:55.347458',
        NULL,
        '事業経費',
        17
    ),
(
        96,
        '2023-05-07 23:05:55.347458',
        '2023-05-07 23:05:55.347458',
        NULL,
        '事業原価',
        17
    ),
(
        97,
        '2023-05-07 23:05:55.347458',
        '2023-05-07 23:05:55.347458',
        NULL,
        '事業投資',
        17
    ),
(
        98,
        '2023-05-07 23:05:55.347458',
        '2023-05-07 23:05:55.347458',
        NULL,
        '寄付金',
        17
    ),
(
        99,
        '2023-05-07 23:05:55.347458',
        '2023-05-07 23:05:55.347458',
        NULL,
        '雑費',
        17
    ),
(
        100,
        '2023-05-07 23:05:55.347458',
        '2023-05-07 23:05:55.347458',
        NULL,
        '未分類',
        18
    );

/*!40000 ALTER TABLE `categories` ENABLE KEYS */
;

UNLOCK TABLES;

--
-- Table structure for table `examples`
--
DROP TABLE IF EXISTS `examples`;

/*!40101 SET @saved_cs_client     = @@character_set_client */
;

/*!40101 SET character_set_client = utf8 */
;

CREATE TABLE `examples` (
    `id` int(11) NOT NULL AUTO_INCREMENT,
    `description` varchar(100) NOT NULL,
    `created_at` datetime(6) NOT NULL DEFAULT CURRENT_TIMESTAMP(6),
    `updated_at` datetime(6) NOT NULL DEFAULT CURRENT_TIMESTAMP(6) ON UPDATE CURRENT_TIMESTAMP(6),
    PRIMARY KEY (`id`)
) ENGINE = InnoDB AUTO_INCREMENT = 7 DEFAULT CHARSET = utf8mb4;

/*!40101 SET character_set_client = @saved_cs_client */
;

--
-- Dumping data for table `examples`
--
LOCK TABLES `examples` WRITE;

/*!40000 ALTER TABLE `examples` DISABLE KEYS */
;

INSERT INTO
    `examples`
VALUES
    (
        1,
        'hoge',
        '2023-05-08 20:33:56.328035',
        '2023-05-08 20:33:56.328035'
    ),
(
        2,
        'fuga',
        '2023-05-08 20:33:56.328035',
        '2023-05-08 20:33:56.328035'
    ),
(
        3,
        'piyo',
        '2023-05-08 20:33:56.328035',
        '2023-05-08 20:33:56.328035'
    ),
(
        4,
        'foo',
        '2023-05-08 20:33:56.328035',
        '2023-05-08 20:33:56.328035'
    ),
(
        5,
        'bar',
        '2023-05-08 20:33:56.328035',
        '2023-05-08 20:33:56.328035'
    ),
(
        6,
        'baz',
        '2023-05-08 20:33:56.328035',
        '2023-05-08 20:33:56.328035'
    );

/*!40000 ALTER TABLE `examples` ENABLE KEYS */
;

UNLOCK TABLES;

--
-- Table structure for table `parent_categories`
--
DROP TABLE IF EXISTS `parent_categories`;

/*!40101 SET @saved_cs_client     = @@character_set_client */
;

/*!40101 SET character_set_client = utf8 */
;

CREATE TABLE `parent_categories` (
    `id` int(11) NOT NULL AUTO_INCREMENT,
    `created_at` datetime(6) NOT NULL DEFAULT CURRENT_TIMESTAMP(6),
    `updated_at` datetime(6) NOT NULL DEFAULT CURRENT_TIMESTAMP(6) ON UPDATE CURRENT_TIMESTAMP(6),
    `deleted_at` datetime(6) DEFAULT NULL,
    `name` varchar(255) NOT NULL,
    PRIMARY KEY (`id`)
) ENGINE = InnoDB AUTO_INCREMENT = 19 DEFAULT CHARSET = utf8mb4;

/*!40101 SET character_set_client = @saved_cs_client */
;

--
-- Dumping data for table `parent_categories`
--
LOCK TABLES `parent_categories` WRITE;

/*!40000 ALTER TABLE `parent_categories` DISABLE KEYS */
;

INSERT INTO
    `parent_categories`
VALUES
    (
        1,
        '2023-05-07 23:05:46.024346',
        '2023-05-07 23:05:46.024346',
        NULL,
        '食費'
    ),
(
        2,
        '2023-05-07 23:05:46.024346',
        '2023-05-07 23:05:46.024346',
        NULL,
        '日用品'
    ),
(
        3,
        '2023-05-07 23:05:46.024346',
        '2023-05-07 23:05:46.024346',
        NULL,
        '趣味・娯楽'
    ),
(
        4,
        '2023-05-07 23:05:46.024346',
        '2023-05-07 23:05:46.024346',
        NULL,
        '交際費'
    ),
(
        5,
        '2023-05-07 23:05:46.024346',
        '2023-05-07 23:05:46.024346',
        NULL,
        '交通費'
    ),
(
        6,
        '2023-05-07 23:05:46.024346',
        '2023-05-07 23:05:46.024346',
        NULL,
        '衣服・美容'
    ),
(
        7,
        '2023-05-07 23:05:46.024346',
        '2023-05-07 23:05:46.024346',
        NULL,
        '健康・医療'
    ),
(
        8,
        '2023-05-07 23:05:46.024346',
        '2023-05-07 23:05:46.024346',
        NULL,
        '自動車'
    ),
(
        9,
        '2023-05-07 23:05:46.024346',
        '2023-05-07 23:05:46.024346',
        NULL,
        '教養・教育'
    ),
(
        10,
        '2023-05-07 23:05:46.024346',
        '2023-05-07 23:05:46.024346',
        NULL,
        '特別な支出'
    ),
(
        11,
        '2023-05-07 23:05:46.024346',
        '2023-05-07 23:05:46.024346',
        NULL,
        '現金・カード'
    ),
(
        12,
        '2023-05-07 23:05:46.024346',
        '2023-05-07 23:05:46.024346',
        NULL,
        '水道・光熱費'
    ),
(
        13,
        '2023-05-07 23:05:46.024346',
        '2023-05-07 23:05:46.024346',
        NULL,
        '通信費'
    ),
(
        14,
        '2023-05-07 23:05:46.024346',
        '2023-05-07 23:05:46.024346',
        NULL,
        '住宅'
    ),
(
        15,
        '2023-05-07 23:05:46.024346',
        '2023-05-07 23:05:46.024346',
        NULL,
        '税・社会保障'
    ),
(
        16,
        '2023-05-07 23:05:46.024346',
        '2023-05-07 23:05:46.024346',
        NULL,
        '保険'
    ),
(
        17,
        '2023-05-07 23:05:46.024346',
        '2023-05-07 23:05:46.024346',
        NULL,
        'その他'
    ),
(
        18,
        '2023-05-07 23:05:46.024346',
        '2023-05-07 23:05:46.024346',
        NULL,
        '未分類'
    );

/*!40000 ALTER TABLE `parent_categories` ENABLE KEYS */
;

UNLOCK TABLES;

--
-- Table structure for table `periods`
--
DROP TABLE IF EXISTS `periods`;

/*!40101 SET @saved_cs_client     = @@character_set_client */
;

/*!40101 SET character_set_client = utf8 */
;

CREATE TABLE `periods` (
    `id` int(11) NOT NULL AUTO_INCREMENT,
    `created_at` datetime(6) NOT NULL DEFAULT CURRENT_TIMESTAMP(6),
    `updated_at` datetime(6) NOT NULL DEFAULT CURRENT_TIMESTAMP(6) ON UPDATE CURRENT_TIMESTAMP(6),
    `deleted_at` datetime(6) DEFAULT NULL,
    `period` varchar(255) NOT NULL,
    `period_en` varchar(255) NOT NULL,
    PRIMARY KEY (`id`)
) ENGINE = InnoDB AUTO_INCREMENT = 7 DEFAULT CHARSET = utf8mb4;

/*!40101 SET character_set_client = @saved_cs_client */
;

--
-- Dumping data for table `periods`
--
LOCK TABLES `periods` WRITE;

/*!40000 ALTER TABLE `periods` DISABLE KEYS */
;

INSERT INTO
    `periods`
VALUES
    (
        1,
        '2023-05-07 23:06:06.456752',
        '2023-05-07 23:06:06.456752',
        NULL,
        '1日',
        '1_day'
    ),
(
        2,
        '2023-05-07 23:06:06.456752',
        '2023-05-07 23:06:06.456752',
        NULL,
        '1週',
        '1_week'
    ),
(
        3,
        '2023-05-07 23:06:06.456752',
        '2023-05-07 23:06:06.456752',
        NULL,
        '1ヶ月',
        '1_month'
    ),
(
        4,
        '2023-05-07 23:06:06.456752',
        '2023-05-07 23:06:06.456752',
        NULL,
        '3ヶ月',
        '3_months'
    ),
(
        5,
        '2023-05-07 23:06:06.456752',
        '2023-05-07 23:06:06.456752',
        NULL,
        '半年',
        'half_a_year'
    ),
(
        6,
        '2023-05-07 23:06:06.456752',
        '2023-05-07 23:06:06.456752',
        NULL,
        '1年',
        '1_year'
    );

/*!40000 ALTER TABLE `periods` ENABLE KEYS */
;

UNLOCK TABLES;

--
-- Table structure for table `spendings`
--
DROP TABLE IF EXISTS `spendings`;

/*!40101 SET @saved_cs_client     = @@character_set_client */
;

/*!40101 SET character_set_client = utf8 */
;

CREATE TABLE `spendings` (
    `id` int(11) NOT NULL AUTO_INCREMENT,
    `created_at` datetime(6) NOT NULL DEFAULT CURRENT_TIMESTAMP(6),
    `updated_at` datetime(6) NOT NULL DEFAULT CURRENT_TIMESTAMP(6) ON UPDATE CURRENT_TIMESTAMP(6),
    `price` int(10) UNSIGNED NOT NULL,
    `comment` varchar(255) DEFAULT NULL,
    `user_id` int(11) DEFAULT NULL,
    `category_id` int(11) DEFAULT NULL,
    PRIMARY KEY (`id`),
    KEY `FK_aab87bb4d21bb81a2af9ad60cc6` (`user_id`),
    KEY `FK_c5b55594740604fdf004981e25b` (`category_id`),
    CONSTRAINT `FK_aab87bb4d21bb81a2af9ad60cc6` FOREIGN KEY (`user_id`) REFERENCES `users` (`id`) ON DELETE NO ACTION ON UPDATE NO ACTION,
    CONSTRAINT `FK_c5b55594740604fdf004981e25b` FOREIGN KEY (`category_id`) REFERENCES `categories` (`id`) ON DELETE NO ACTION ON UPDATE NO ACTION
) ENGINE = InnoDB AUTO_INCREMENT = 500 DEFAULT CHARSET = utf8mb4;

/*!40101 SET character_set_client = @saved_cs_client */
;

--
-- Dumping data for table `spendings`
--
LOCK TABLES `spendings` WRITE;

/*!40000 ALTER TABLE `spendings` DISABLE KEYS */
;

INSERT INTO
    `spendings`
VALUES
    (
        1,
        '2023-05-07 23:06:19.922385',
        '2023-05-07 23:06:19.922385',
        1622,
        NULL,
        1,
        97
    ),
(
        2,
        '2023-05-07 23:06:19.922385',
        '2023-05-07 23:06:19.922385',
        1824,
        NULL,
        1,
        79
    ),
(
        3,
        '2023-05-07 23:06:19.922385',
        '2023-05-07 23:06:19.922385',
        1641,
        NULL,
        1,
        3
    ),
(
        4,
        '2023-05-07 23:06:19.922385',
        '2023-05-07 23:06:19.922385',
        276,
        NULL,
        1,
        66
    ),
(
        5,
        '2023-05-07 23:06:19.922385',
        '2023-05-07 23:06:19.922385',
        452,
        NULL,
        1,
        13
    ),
(
        6,
        '2023-05-07 23:06:19.922385',
        '2023-05-07 23:06:19.922385',
        1471,
        NULL,
        1,
        79
    ),
(
        7,
        '2023-05-07 23:06:19.922385',
        '2023-05-07 23:06:19.922385',
        1062,
        NULL,
        1,
        67
    ),
(
        8,
        '2023-05-07 23:06:19.922385',
        '2023-05-07 23:06:19.922385',
        837,
        NULL,
        1,
        100
    ),
(
        9,
        '2023-05-07 23:06:19.922385',
        '2023-05-07 23:06:19.922385',
        595,
        NULL,
        1,
        73
    ),
(
        10,
        '2023-05-07 23:06:19.922385',
        '2023-05-07 23:06:19.922385',
        1565,
        NULL,
        1,
        82
    ),
(
        11,
        '2023-05-07 23:06:19.922385',
        '2023-05-07 23:06:19.922385',
        543,
        NULL,
        1,
        50
    ),
(
        12,
        '2023-05-07 23:06:19.922385',
        '2023-05-07 23:06:19.922385',
        617,
        NULL,
        1,
        64
    ),
(
        13,
        '2023-05-07 23:06:19.922385',
        '2023-05-07 23:06:19.922385',
        1476,
        NULL,
        1,
        75
    ),
(
        14,
        '2023-05-07 23:06:19.922385',
        '2023-05-07 23:06:19.922385',
        1647,
        NULL,
        1,
        95
    ),
(
        15,
        '2023-05-07 23:06:19.922385',
        '2023-05-07 23:06:19.922385',
        1798,
        NULL,
        1,
        15
    ),
(
        16,
        '2023-05-07 23:06:19.922385',
        '2023-05-07 23:06:19.922385',
        1825,
        NULL,
        1,
        8
    ),
(
        17,
        '2023-05-07 23:06:19.922385',
        '2023-05-07 23:06:19.922385',
        1588,
        NULL,
        1,
        42
    ),
(
        18,
        '2023-05-07 23:06:19.922385',
        '2023-05-07 23:06:19.922385',
        504,
        NULL,
        1,
        68
    ),
(
        19,
        '2023-05-07 23:06:19.922385',
        '2023-05-07 23:06:19.922385',
        247,
        NULL,
        1,
        81
    ),
(
        20,
        '2023-05-07 23:06:19.922385',
        '2023-05-07 23:06:19.922385',
        312,
        NULL,
        1,
        8
    ),
(
        21,
        '2023-05-07 23:06:19.922385',
        '2023-05-07 23:06:19.922385',
        1789,
        NULL,
        1,
        13
    ),
(
        22,
        '2023-05-07 23:06:19.922385',
        '2023-05-07 23:06:19.922385',
        961,
        NULL,
        1,
        9
    ),
(
        23,
        '2023-05-07 23:06:19.922385',
        '2023-05-07 23:06:19.922385',
        224,
        NULL,
        1,
        80
    ),
(
        24,
        '2023-05-07 23:06:19.922385',
        '2023-05-07 23:06:19.922385',
        459,
        NULL,
        1,
        43
    ),
(
        25,
        '2023-05-07 23:06:19.922385',
        '2023-05-07 23:06:19.922385',
        758,
        NULL,
        1,
        10
    ),
(
        26,
        '2023-05-07 23:06:19.922385',
        '2023-05-07 23:06:19.922385',
        1657,
        NULL,
        1,
        18
    ),
(
        27,
        '2023-05-07 23:06:19.922385',
        '2023-05-07 23:06:19.922385',
        615,
        NULL,
        1,
        15
    ),
(
        28,
        '2023-05-07 23:06:19.922385',
        '2023-05-07 23:06:19.922385',
        1976,
        NULL,
        1,
        100
    ),
(
        29,
        '2023-05-07 23:06:19.922385',
        '2023-05-07 23:06:19.922385',
        1930,
        NULL,
        1,
        2
    ),
(
        30,
        '2023-05-07 23:06:19.922385',
        '2023-05-07 23:06:19.922385',
        999,
        NULL,
        1,
        10
    ),
(
        31,
        '2023-05-07 23:06:19.922385',
        '2023-05-07 23:06:19.922385',
        1345,
        NULL,
        1,
        84
    ),
(
        32,
        '2023-05-07 23:06:19.922385',
        '2023-05-07 23:06:19.922385',
        1748,
        NULL,
        1,
        46
    ),
(
        33,
        '2023-05-07 23:06:19.922385',
        '2023-05-07 23:06:19.922385',
        694,
        NULL,
        1,
        84
    ),
(
        34,
        '2023-05-07 23:06:19.922385',
        '2023-05-07 23:06:19.922385',
        247,
        NULL,
        1,
        100
    ),
(
        35,
        '2023-05-07 23:06:19.922385',
        '2023-05-07 23:06:19.922385',
        1173,
        NULL,
        1,
        76
    ),
(
        36,
        '2023-05-07 23:06:19.922385',
        '2023-05-07 23:06:19.922385',
        717,
        NULL,
        1,
        70
    ),
(
        37,
        '2023-05-07 23:06:19.922385',
        '2023-05-07 23:06:19.922385',
        1824,
        NULL,
        1,
        36
    ),
(
        38,
        '2023-05-07 23:06:19.922385',
        '2023-05-07 23:06:19.922385',
        1145,
        NULL,
        1,
        45
    ),
(
        39,
        '2023-05-07 23:06:19.922385',
        '2023-05-07 23:06:19.922385',
        462,
        NULL,
        1,
        32
    ),
(
        40,
        '2023-05-07 23:06:19.922385',
        '2023-05-07 23:06:19.922385',
        216,
        NULL,
        1,
        58
    ),
(
        41,
        '2023-05-07 23:06:19.922385',
        '2023-05-07 23:06:19.922385',
        1133,
        NULL,
        1,
        39
    ),
(
        42,
        '2023-05-07 23:06:19.922385',
        '2023-05-07 23:06:19.922385',
        1005,
        NULL,
        1,
        18
    ),
(
        43,
        '2023-05-07 23:06:19.922385',
        '2023-05-07 23:06:19.922385',
        693,
        NULL,
        1,
        12
    ),
(
        44,
        '2023-05-07 23:06:19.922385',
        '2023-05-07 23:06:19.922385',
        887,
        NULL,
        1,
        10
    ),
(
        45,
        '2023-05-07 23:06:19.922385',
        '2023-05-07 23:06:19.922385',
        805,
        NULL,
        1,
        74
    ),
(
        46,
        '2023-05-07 23:06:19.922385',
        '2023-05-07 23:06:19.922385',
        529,
        NULL,
        1,
        50
    ),
(
        47,
        '2023-05-07 23:06:19.922385',
        '2023-05-07 23:06:19.922385',
        685,
        NULL,
        1,
        9
    ),
(
        48,
        '2023-05-07 23:06:19.922385',
        '2023-05-07 23:06:19.922385',
        462,
        NULL,
        1,
        17
    ),
(
        49,
        '2023-05-07 23:06:19.922385',
        '2023-05-07 23:06:19.922385',
        1540,
        NULL,
        1,
        56
    ),
(
        50,
        '2023-05-07 23:06:19.922385',
        '2023-05-07 23:06:19.922385',
        1652,
        NULL,
        1,
        23
    ),
(
        51,
        '2023-05-07 23:06:19.922385',
        '2023-05-07 23:06:19.922385',
        961,
        NULL,
        1,
        95
    ),
(
        52,
        '2023-05-07 23:06:19.922385',
        '2023-05-07 23:06:19.922385',
        297,
        NULL,
        1,
        97
    ),
(
        53,
        '2023-05-07 23:06:19.922385',
        '2023-05-07 23:06:19.922385',
        1768,
        NULL,
        1,
        13
    ),
(
        54,
        '2023-05-07 23:06:19.922385',
        '2023-05-07 23:06:19.922385',
        380,
        NULL,
        1,
        100
    ),
(
        55,
        '2023-05-07 23:06:19.922385',
        '2023-05-07 23:06:19.922385',
        811,
        NULL,
        1,
        93
    ),
(
        56,
        '2023-05-07 23:06:19.922385',
        '2023-05-07 23:06:19.922385',
        510,
        NULL,
        1,
        83
    ),
(
        57,
        '2023-05-07 23:06:19.922385',
        '2023-05-07 23:06:19.922385',
        188,
        NULL,
        1,
        17
    ),
(
        58,
        '2023-05-07 23:06:19.922385',
        '2023-05-07 23:06:19.922385',
        663,
        NULL,
        1,
        98
    ),
(
        59,
        '2023-05-07 23:06:19.922385',
        '2023-05-07 23:06:19.922385',
        427,
        NULL,
        1,
        27
    ),
(
        60,
        '2023-05-07 23:06:19.922385',
        '2023-05-07 23:06:19.922385',
        137,
        NULL,
        1,
        80
    ),
(
        61,
        '2023-05-07 23:06:19.922385',
        '2023-05-07 23:06:19.922385',
        506,
        NULL,
        1,
        7
    ),
(
        62,
        '2023-05-07 23:06:19.922385',
        '2023-05-07 23:06:19.922385',
        480,
        NULL,
        1,
        68
    ),
(
        63,
        '2023-05-07 23:06:19.922385',
        '2023-05-07 23:06:19.922385',
        308,
        NULL,
        1,
        2
    ),
(
        64,
        '2023-05-07 23:06:19.922385',
        '2023-05-07 23:06:19.922385',
        187,
        NULL,
        1,
        48
    ),
(
        65,
        '2023-05-07 23:06:19.922385',
        '2023-05-07 23:06:19.922385',
        1456,
        NULL,
        1,
        75
    ),
(
        66,
        '2023-05-07 23:06:19.922385',
        '2023-05-07 23:06:19.922385',
        449,
        NULL,
        1,
        2
    ),
(
        67,
        '2023-05-07 23:06:19.922385',
        '2023-05-07 23:06:19.922385',
        1918,
        NULL,
        1,
        54
    ),
(
        68,
        '2023-05-07 23:06:19.922385',
        '2023-05-07 23:06:19.922385',
        428,
        NULL,
        1,
        76
    ),
(
        69,
        '2023-05-07 23:06:19.922385',
        '2023-05-07 23:06:19.922385',
        694,
        NULL,
        1,
        59
    ),
(
        70,
        '2023-05-07 23:06:19.922385',
        '2023-05-07 23:06:19.922385',
        1026,
        NULL,
        1,
        24
    ),
(
        71,
        '2023-05-07 23:06:19.922385',
        '2023-05-07 23:06:19.922385',
        234,
        NULL,
        1,
        94
    ),
(
        72,
        '2023-05-07 23:06:19.922385',
        '2023-05-07 23:06:19.922385',
        359,
        NULL,
        1,
        86
    ),
(
        73,
        '2023-05-07 23:06:19.922385',
        '2023-05-07 23:06:19.922385',
        1688,
        NULL,
        1,
        49
    ),
(
        74,
        '2023-05-07 23:06:19.922385',
        '2023-05-07 23:06:19.922385',
        381,
        NULL,
        1,
        27
    ),
(
        75,
        '2023-05-07 23:06:19.922385',
        '2023-05-07 23:06:19.922385',
        132,
        NULL,
        1,
        56
    ),
(
        76,
        '2023-05-07 23:06:19.922385',
        '2023-05-07 23:06:19.922385',
        290,
        NULL,
        1,
        65
    ),
(
        77,
        '2023-05-07 23:06:19.922385',
        '2023-05-07 23:06:19.922385',
        416,
        NULL,
        1,
        33
    ),
(
        78,
        '2023-05-07 23:06:19.922385',
        '2023-05-07 23:06:19.922385',
        751,
        NULL,
        1,
        7
    ),
(
        79,
        '2023-05-07 23:06:19.922385',
        '2023-05-07 23:06:19.922385',
        246,
        NULL,
        1,
        4
    ),
(
        80,
        '2023-05-07 23:06:19.922385',
        '2023-05-07 23:06:19.922385',
        1072,
        NULL,
        1,
        79
    ),
(
        81,
        '2023-05-07 23:06:19.922385',
        '2023-05-07 23:06:19.922385',
        516,
        NULL,
        1,
        16
    ),
(
        82,
        '2023-05-07 23:06:19.922385',
        '2023-05-07 23:06:19.922385',
        1173,
        NULL,
        1,
        13
    ),
(
        83,
        '2023-05-07 23:06:19.922385',
        '2023-05-07 23:06:19.922385',
        694,
        NULL,
        1,
        72
    ),
(
        84,
        '2023-05-07 23:06:19.922385',
        '2023-05-07 23:06:19.922385',
        1815,
        NULL,
        1,
        15
    ),
(
        85,
        '2023-05-07 23:06:19.922385',
        '2023-05-07 23:06:19.922385',
        1144,
        NULL,
        1,
        88
    ),
(
        86,
        '2023-05-07 23:06:19.922385',
        '2023-05-07 23:06:19.922385',
        1658,
        NULL,
        1,
        62
    ),
(
        87,
        '2023-05-07 23:06:19.922385',
        '2023-05-07 23:06:19.922385',
        1882,
        NULL,
        1,
        100
    ),
(
        88,
        '2023-05-07 23:06:19.922385',
        '2023-05-07 23:06:19.922385',
        1483,
        NULL,
        1,
        22
    ),
(
        89,
        '2023-05-07 23:06:19.922385',
        '2023-05-07 23:06:19.922385',
        1333,
        NULL,
        1,
        77
    ),
(
        90,
        '2023-05-07 23:06:19.922385',
        '2023-05-07 23:06:19.922385',
        784,
        NULL,
        1,
        19
    ),
(
        91,
        '2023-05-07 23:06:19.922385',
        '2023-05-07 23:06:19.922385',
        1297,
        NULL,
        1,
        79
    ),
(
        92,
        '2023-05-07 23:06:19.922385',
        '2023-05-07 23:06:19.922385',
        1653,
        NULL,
        1,
        63
    ),
(
        93,
        '2023-05-07 23:06:19.922385',
        '2023-05-07 23:06:19.922385',
        1214,
        NULL,
        1,
        22
    ),
(
        94,
        '2023-05-07 23:06:19.922385',
        '2023-05-07 23:06:19.922385',
        753,
        NULL,
        1,
        13
    ),
(
        95,
        '2023-05-07 23:06:19.922385',
        '2023-05-07 23:06:19.922385',
        240,
        NULL,
        1,
        56
    ),
(
        96,
        '2023-05-07 23:06:19.922385',
        '2023-05-07 23:06:19.922385',
        1100,
        NULL,
        1,
        72
    ),
(
        97,
        '2023-05-07 23:06:19.922385',
        '2023-05-07 23:06:19.922385',
        1245,
        NULL,
        1,
        40
    ),
(
        98,
        '2023-05-07 23:06:19.922385',
        '2023-05-07 23:06:19.922385',
        497,
        NULL,
        1,
        46
    ),
(
        99,
        '2023-05-07 23:06:19.922385',
        '2023-05-07 23:06:19.922385',
        972,
        NULL,
        1,
        39
    ),
(
        100,
        '2023-05-07 23:06:19.922385',
        '2023-05-07 23:06:19.922385',
        489,
        NULL,
        1,
        23
    ),
(
        101,
        '2023-05-07 23:06:19.922385',
        '2023-05-07 23:06:19.922385',
        972,
        NULL,
        1,
        70
    ),
(
        102,
        '2023-05-07 23:06:19.922385',
        '2023-05-07 23:06:19.922385',
        1003,
        NULL,
        1,
        27
    ),
(
        103,
        '2023-05-07 23:06:19.922385',
        '2023-05-07 23:06:19.922385',
        1783,
        NULL,
        1,
        3
    ),
(
        104,
        '2023-05-07 23:06:19.922385',
        '2023-05-07 23:06:19.922385',
        450,
        NULL,
        1,
        20
    ),
(
        105,
        '2023-05-07 23:06:19.922385',
        '2023-05-07 23:06:19.922385',
        1673,
        NULL,
        1,
        43
    ),
(
        106,
        '2023-05-07 23:06:19.922385',
        '2023-05-07 23:06:19.922385',
        402,
        NULL,
        1,
        61
    ),
(
        107,
        '2023-05-07 23:06:19.922385',
        '2023-05-07 23:06:19.922385',
        1286,
        NULL,
        1,
        57
    ),
(
        108,
        '2023-05-07 23:06:19.922385',
        '2023-05-07 23:06:19.922385',
        241,
        NULL,
        1,
        22
    ),
(
        109,
        '2023-05-07 23:06:19.922385',
        '2023-05-07 23:06:19.922385',
        1577,
        NULL,
        1,
        100
    ),
(
        110,
        '2023-05-07 23:06:19.922385',
        '2023-05-07 23:06:19.922385',
        1945,
        NULL,
        1,
        83
    ),
(
        111,
        '2023-05-07 23:06:19.922385',
        '2023-05-07 23:06:19.922385',
        1919,
        NULL,
        1,
        8
    ),
(
        112,
        '2023-05-07 23:06:19.922385',
        '2023-05-07 23:06:19.922385',
        1637,
        NULL,
        1,
        79
    ),
(
        113,
        '2023-05-07 23:06:19.922385',
        '2023-05-07 23:06:19.922385',
        964,
        NULL,
        1,
        1
    ),
(
        114,
        '2023-05-07 23:06:19.922385',
        '2023-05-07 23:06:19.922385',
        1985,
        NULL,
        1,
        66
    ),
(
        115,
        '2023-05-07 23:06:19.922385',
        '2023-05-07 23:06:19.922385',
        1815,
        NULL,
        1,
        50
    ),
(
        116,
        '2023-05-07 23:06:19.922385',
        '2023-05-07 23:06:19.922385',
        1101,
        NULL,
        1,
        58
    ),
(
        117,
        '2023-05-07 23:06:19.922385',
        '2023-05-07 23:06:19.922385',
        867,
        NULL,
        1,
        5
    ),
(
        118,
        '2023-05-07 23:06:19.922385',
        '2023-05-07 23:06:19.922385',
        1214,
        NULL,
        1,
        44
    ),
(
        119,
        '2023-05-07 23:06:19.922385',
        '2023-05-07 23:06:19.922385',
        959,
        NULL,
        1,
        64
    ),
(
        120,
        '2023-05-07 23:06:19.922385',
        '2023-05-07 23:06:19.922385',
        269,
        NULL,
        1,
        36
    ),
(
        121,
        '2023-05-07 23:06:19.922385',
        '2023-05-07 23:06:19.922385',
        1134,
        NULL,
        1,
        62
    ),
(
        122,
        '2023-05-07 23:06:19.922385',
        '2023-05-07 23:06:19.922385',
        1787,
        NULL,
        1,
        16
    ),
(
        123,
        '2023-05-07 23:06:19.922385',
        '2023-05-07 23:06:19.922385',
        280,
        NULL,
        1,
        99
    ),
(
        124,
        '2023-05-07 23:06:19.922385',
        '2023-05-07 23:06:19.922385',
        1523,
        NULL,
        1,
        44
    ),
(
        125,
        '2023-05-07 23:06:19.922385',
        '2023-05-07 23:06:19.922385',
        1559,
        NULL,
        1,
        81
    ),
(
        126,
        '2023-05-07 23:06:19.922385',
        '2023-05-07 23:06:19.922385',
        692,
        NULL,
        1,
        16
    ),
(
        127,
        '2023-05-07 23:06:19.922385',
        '2023-05-07 23:06:19.922385',
        660,
        NULL,
        1,
        19
    ),
(
        128,
        '2023-05-07 23:06:19.922385',
        '2023-05-07 23:06:19.922385',
        577,
        NULL,
        1,
        2
    ),
(
        129,
        '2023-05-07 23:06:19.922385',
        '2023-05-07 23:06:19.922385',
        546,
        NULL,
        1,
        99
    ),
(
        130,
        '2023-05-07 23:06:19.922385',
        '2023-05-07 23:06:19.922385',
        510,
        NULL,
        1,
        75
    ),
(
        131,
        '2023-05-07 23:06:19.922385',
        '2023-05-07 23:06:19.922385',
        632,
        NULL,
        1,
        29
    ),
(
        132,
        '2023-05-07 23:06:19.922385',
        '2023-05-07 23:06:19.922385',
        926,
        NULL,
        1,
        89
    ),
(
        133,
        '2023-05-07 23:06:19.922385',
        '2023-05-07 23:06:19.922385',
        1909,
        NULL,
        1,
        39
    ),
(
        134,
        '2023-05-07 23:06:19.922385',
        '2023-05-07 23:06:19.922385',
        1959,
        NULL,
        1,
        16
    ),
(
        135,
        '2023-05-07 23:06:19.922385',
        '2023-05-07 23:06:19.922385',
        1973,
        NULL,
        1,
        68
    ),
(
        136,
        '2023-05-07 23:06:19.922385',
        '2023-05-07 23:06:19.922385',
        530,
        NULL,
        1,
        46
    ),
(
        137,
        '2023-05-07 23:06:19.922385',
        '2023-05-07 23:06:19.922385',
        1821,
        NULL,
        1,
        70
    ),
(
        138,
        '2023-05-07 23:06:19.922385',
        '2023-05-07 23:06:19.922385',
        1068,
        NULL,
        1,
        62
    ),
(
        139,
        '2023-05-07 23:06:19.922385',
        '2023-05-07 23:06:19.922385',
        508,
        NULL,
        1,
        59
    ),
(
        140,
        '2023-05-07 23:06:19.922385',
        '2023-05-07 23:06:19.922385',
        1551,
        NULL,
        1,
        15
    ),
(
        141,
        '2023-05-07 23:06:19.922385',
        '2023-05-07 23:06:19.922385',
        266,
        NULL,
        1,
        87
    ),
(
        142,
        '2023-05-07 23:06:19.922385',
        '2023-05-07 23:06:19.922385',
        920,
        NULL,
        1,
        4
    ),
(
        143,
        '2023-05-07 23:06:19.922385',
        '2023-05-07 23:06:19.922385',
        380,
        NULL,
        1,
        82
    ),
(
        144,
        '2023-05-07 23:06:19.922385',
        '2023-05-07 23:06:19.922385',
        638,
        NULL,
        1,
        18
    ),
(
        145,
        '2023-05-07 23:06:19.922385',
        '2023-05-07 23:06:19.922385',
        2000,
        NULL,
        1,
        30
    ),
(
        146,
        '2023-05-07 23:06:19.922385',
        '2023-05-07 23:06:19.922385',
        1898,
        NULL,
        1,
        37
    ),
(
        147,
        '2023-05-07 23:06:19.922385',
        '2023-05-07 23:06:19.922385',
        314,
        NULL,
        1,
        97
    ),
(
        148,
        '2023-05-07 23:06:19.922385',
        '2023-05-07 23:06:19.922385',
        685,
        NULL,
        1,
        19
    ),
(
        149,
        '2023-05-07 23:06:19.922385',
        '2023-05-07 23:06:19.922385',
        1705,
        NULL,
        1,
        91
    ),
(
        150,
        '2023-05-07 23:06:19.922385',
        '2023-05-07 23:06:19.922385',
        1454,
        NULL,
        1,
        47
    ),
(
        151,
        '2023-05-07 23:06:19.922385',
        '2023-05-07 23:06:19.922385',
        387,
        NULL,
        1,
        46
    ),
(
        152,
        '2023-05-07 23:06:19.922385',
        '2023-05-07 23:06:19.922385',
        1287,
        NULL,
        1,
        95
    ),
(
        153,
        '2023-05-07 23:06:19.922385',
        '2023-05-07 23:06:19.922385',
        933,
        NULL,
        1,
        76
    ),
(
        154,
        '2023-05-07 23:06:19.922385',
        '2023-05-07 23:06:19.922385',
        1809,
        NULL,
        1,
        12
    ),
(
        155,
        '2023-05-07 23:06:19.922385',
        '2023-05-07 23:06:19.922385',
        608,
        NULL,
        1,
        91
    ),
(
        156,
        '2023-05-07 23:06:19.922385',
        '2023-05-07 23:06:19.922385',
        1077,
        NULL,
        1,
        32
    ),
(
        157,
        '2023-05-07 23:06:19.922385',
        '2023-05-07 23:06:19.922385',
        194,
        NULL,
        1,
        90
    ),
(
        158,
        '2023-05-07 23:06:19.922385',
        '2023-05-07 23:06:19.922385',
        1874,
        NULL,
        1,
        12
    ),
(
        159,
        '2023-05-07 23:06:19.922385',
        '2023-05-07 23:06:19.922385',
        895,
        NULL,
        1,
        42
    ),
(
        160,
        '2023-05-07 23:06:19.922385',
        '2023-05-07 23:06:19.922385',
        1456,
        NULL,
        1,
        86
    ),
(
        161,
        '2023-05-07 23:06:19.922385',
        '2023-05-07 23:06:19.922385',
        1557,
        NULL,
        1,
        60
    ),
(
        162,
        '2023-05-07 23:06:19.922385',
        '2023-05-07 23:06:19.922385',
        818,
        NULL,
        1,
        7
    ),
(
        163,
        '2023-05-07 23:06:19.922385',
        '2023-05-07 23:06:19.922385',
        567,
        NULL,
        1,
        41
    ),
(
        164,
        '2023-05-07 23:06:19.922385',
        '2023-05-07 23:06:19.922385',
        1275,
        NULL,
        1,
        23
    ),
(
        165,
        '2023-05-07 23:06:19.922385',
        '2023-05-07 23:06:19.922385',
        1466,
        NULL,
        1,
        30
    ),
(
        166,
        '2023-05-07 23:06:19.922385',
        '2023-05-07 23:06:19.922385',
        1613,
        NULL,
        1,
        5
    ),
(
        167,
        '2023-05-07 23:06:19.922385',
        '2023-05-07 23:06:19.922385',
        573,
        NULL,
        1,
        93
    ),
(
        168,
        '2023-05-07 23:06:19.922385',
        '2023-05-07 23:06:19.922385',
        702,
        NULL,
        1,
        93
    ),
(
        169,
        '2023-05-07 23:06:19.922385',
        '2023-05-07 23:06:19.922385',
        962,
        NULL,
        1,
        90
    ),
(
        170,
        '2023-05-07 23:06:19.922385',
        '2023-05-07 23:06:19.922385',
        896,
        NULL,
        1,
        65
    ),
(
        171,
        '2023-05-07 23:06:19.922385',
        '2023-05-07 23:06:19.922385',
        1287,
        NULL,
        1,
        45
    ),
(
        172,
        '2023-05-07 23:06:19.922385',
        '2023-05-07 23:06:19.922385',
        362,
        NULL,
        1,
        63
    ),
(
        173,
        '2023-05-07 23:06:19.922385',
        '2023-05-07 23:06:19.922385',
        171,
        NULL,
        1,
        39
    ),
(
        174,
        '2023-05-07 23:06:19.922385',
        '2023-05-07 23:06:19.922385',
        1881,
        NULL,
        1,
        15
    ),
(
        175,
        '2023-05-07 23:06:19.922385',
        '2023-05-07 23:06:19.922385',
        610,
        NULL,
        1,
        44
    ),
(
        176,
        '2023-05-07 23:06:19.922385',
        '2023-05-07 23:06:19.922385',
        1123,
        NULL,
        1,
        19
    ),
(
        177,
        '2023-05-07 23:06:19.922385',
        '2023-05-07 23:06:19.922385',
        105,
        NULL,
        1,
        14
    ),
(
        178,
        '2023-05-07 23:06:19.922385',
        '2023-05-07 23:06:19.922385',
        1519,
        NULL,
        1,
        16
    ),
(
        179,
        '2023-05-07 23:06:19.922385',
        '2023-05-07 23:06:19.922385',
        1028,
        NULL,
        1,
        34
    ),
(
        180,
        '2023-05-07 23:06:19.922385',
        '2023-05-07 23:06:19.922385',
        697,
        NULL,
        1,
        43
    ),
(
        181,
        '2023-05-07 23:06:19.922385',
        '2023-05-07 23:06:19.922385',
        252,
        NULL,
        1,
        58
    ),
(
        182,
        '2023-05-07 23:06:19.922385',
        '2023-05-07 23:06:19.922385',
        1142,
        NULL,
        1,
        30
    ),
(
        183,
        '2023-05-07 23:06:19.922385',
        '2023-05-07 23:06:19.922385',
        1714,
        NULL,
        1,
        61
    ),
(
        184,
        '2023-05-07 23:06:19.922385',
        '2023-05-07 23:06:19.922385',
        719,
        NULL,
        1,
        65
    ),
(
        185,
        '2023-05-07 23:06:19.922385',
        '2023-05-07 23:06:19.922385',
        1591,
        NULL,
        1,
        62
    ),
(
        186,
        '2023-05-07 23:06:19.922385',
        '2023-05-07 23:06:19.922385',
        626,
        NULL,
        1,
        38
    ),
(
        187,
        '2023-05-07 23:06:19.922385',
        '2023-05-07 23:06:19.922385',
        417,
        NULL,
        1,
        17
    ),
(
        188,
        '2023-05-07 23:06:19.922385',
        '2023-05-07 23:06:19.922385',
        352,
        NULL,
        1,
        99
    ),
(
        189,
        '2023-05-07 23:06:19.922385',
        '2023-05-07 23:06:19.922385',
        656,
        NULL,
        1,
        9
    ),
(
        190,
        '2023-05-07 23:06:19.922385',
        '2023-05-07 23:06:19.922385',
        1926,
        NULL,
        1,
        15
    ),
(
        191,
        '2023-05-07 23:06:19.922385',
        '2023-05-07 23:06:19.922385',
        282,
        NULL,
        1,
        66
    ),
(
        192,
        '2023-05-07 23:06:19.922385',
        '2023-05-07 23:06:19.922385',
        529,
        NULL,
        1,
        48
    ),
(
        193,
        '2023-05-07 23:06:19.922385',
        '2023-05-07 23:06:19.922385',
        1516,
        NULL,
        1,
        80
    ),
(
        194,
        '2023-05-07 23:06:19.922385',
        '2023-05-07 23:06:19.922385',
        600,
        NULL,
        1,
        63
    ),
(
        195,
        '2023-05-07 23:06:19.922385',
        '2023-05-07 23:06:19.922385',
        1877,
        NULL,
        1,
        42
    ),
(
        196,
        '2023-05-07 23:06:19.922385',
        '2023-05-07 23:06:19.922385',
        1624,
        NULL,
        1,
        7
    ),
(
        197,
        '2023-05-07 23:06:19.922385',
        '2023-05-07 23:06:19.922385',
        166,
        NULL,
        1,
        45
    ),
(
        198,
        '2023-05-07 23:06:19.922385',
        '2023-05-07 23:06:19.922385',
        344,
        NULL,
        1,
        85
    ),
(
        199,
        '2023-05-07 23:06:19.922385',
        '2023-05-07 23:06:19.922385',
        568,
        NULL,
        1,
        47
    ),
(
        200,
        '2023-05-07 23:06:19.922385',
        '2023-05-07 23:06:19.922385',
        806,
        NULL,
        1,
        45
    ),
(
        201,
        '2023-05-07 23:06:19.922385',
        '2023-05-07 23:06:19.922385',
        882,
        NULL,
        1,
        87
    ),
(
        202,
        '2023-05-07 23:06:19.922385',
        '2023-05-07 23:06:19.922385',
        430,
        NULL,
        1,
        30
    ),
(
        203,
        '2023-05-07 23:06:19.922385',
        '2023-05-07 23:06:19.922385',
        1315,
        NULL,
        1,
        35
    ),
(
        204,
        '2023-05-07 23:06:19.922385',
        '2023-05-07 23:06:19.922385',
        1664,
        NULL,
        1,
        40
    ),
(
        205,
        '2023-05-07 23:06:19.922385',
        '2023-05-07 23:06:19.922385',
        1450,
        NULL,
        1,
        34
    ),
(
        206,
        '2023-05-07 23:06:19.922385',
        '2023-05-07 23:06:19.922385',
        512,
        NULL,
        1,
        13
    ),
(
        207,
        '2023-05-07 23:06:19.922385',
        '2023-05-07 23:06:19.922385',
        1217,
        NULL,
        1,
        91
    ),
(
        208,
        '2023-05-07 23:06:19.922385',
        '2023-05-07 23:06:19.922385',
        1949,
        NULL,
        1,
        41
    ),
(
        209,
        '2023-05-07 23:06:19.922385',
        '2023-05-07 23:06:19.922385',
        1708,
        NULL,
        1,
        29
    ),
(
        210,
        '2023-05-07 23:06:19.922385',
        '2023-05-07 23:06:19.922385',
        1227,
        NULL,
        1,
        66
    ),
(
        211,
        '2023-05-07 23:06:19.922385',
        '2023-05-07 23:06:19.922385',
        1025,
        NULL,
        1,
        89
    ),
(
        212,
        '2023-05-07 23:06:19.922385',
        '2023-05-07 23:06:19.922385',
        139,
        NULL,
        1,
        99
    ),
(
        213,
        '2023-05-07 23:06:19.922385',
        '2023-05-07 23:06:19.922385',
        615,
        NULL,
        1,
        63
    ),
(
        214,
        '2023-05-07 23:06:19.922385',
        '2023-05-07 23:06:19.922385',
        1471,
        NULL,
        1,
        53
    ),
(
        215,
        '2023-05-07 23:06:19.922385',
        '2023-05-07 23:06:19.922385',
        533,
        NULL,
        1,
        54
    ),
(
        216,
        '2023-05-07 23:06:19.922385',
        '2023-05-07 23:06:19.922385',
        1623,
        NULL,
        1,
        33
    ),
(
        217,
        '2023-05-07 23:06:19.922385',
        '2023-05-07 23:06:19.922385',
        975,
        NULL,
        1,
        31
    ),
(
        218,
        '2023-05-07 23:06:19.922385',
        '2023-05-07 23:06:19.922385',
        1495,
        NULL,
        1,
        69
    ),
(
        219,
        '2023-05-07 23:06:19.922385',
        '2023-05-07 23:06:19.922385',
        966,
        NULL,
        1,
        8
    ),
(
        220,
        '2023-05-07 23:06:19.922385',
        '2023-05-07 23:06:19.922385',
        432,
        NULL,
        1,
        68
    ),
(
        221,
        '2023-05-07 23:06:19.922385',
        '2023-05-07 23:06:19.922385',
        357,
        NULL,
        1,
        63
    ),
(
        222,
        '2023-05-07 23:06:19.922385',
        '2023-05-07 23:06:19.922385',
        1656,
        NULL,
        1,
        66
    ),
(
        223,
        '2023-05-07 23:06:19.922385',
        '2023-05-07 23:06:19.922385',
        730,
        NULL,
        1,
        56
    ),
(
        224,
        '2023-05-07 23:06:19.922385',
        '2023-05-07 23:06:19.922385',
        924,
        NULL,
        1,
        21
    ),
(
        225,
        '2023-05-07 23:06:19.922385',
        '2023-05-07 23:06:19.922385',
        1722,
        NULL,
        1,
        55
    ),
(
        226,
        '2023-05-07 23:06:19.922385',
        '2023-05-07 23:06:19.922385',
        792,
        NULL,
        1,
        13
    ),
(
        227,
        '2023-05-07 23:06:19.922385',
        '2023-05-07 23:06:19.922385',
        214,
        NULL,
        1,
        15
    ),
(
        228,
        '2023-05-07 23:06:19.922385',
        '2023-05-07 23:06:19.922385',
        329,
        NULL,
        1,
        48
    ),
(
        229,
        '2023-05-07 23:06:19.922385',
        '2023-05-07 23:06:19.922385',
        1614,
        NULL,
        1,
        86
    ),
(
        230,
        '2023-05-07 23:06:19.922385',
        '2023-05-07 23:06:19.922385',
        1788,
        NULL,
        1,
        74
    ),
(
        231,
        '2023-05-07 23:06:19.922385',
        '2023-05-07 23:06:19.922385',
        1349,
        NULL,
        1,
        54
    ),
(
        232,
        '2023-05-07 23:06:19.922385',
        '2023-05-07 23:06:19.922385',
        565,
        NULL,
        1,
        83
    ),
(
        233,
        '2023-05-07 23:06:19.922385',
        '2023-05-07 23:06:19.922385',
        252,
        NULL,
        1,
        15
    ),
(
        234,
        '2023-05-07 23:06:19.922385',
        '2023-05-07 23:06:19.922385',
        518,
        NULL,
        1,
        91
    ),
(
        235,
        '2023-05-07 23:06:19.922385',
        '2023-05-07 23:06:19.922385',
        935,
        NULL,
        1,
        4
    ),
(
        236,
        '2023-05-07 23:06:19.922385',
        '2023-05-07 23:06:19.922385',
        969,
        NULL,
        1,
        65
    ),
(
        237,
        '2023-05-07 23:06:19.922385',
        '2023-05-07 23:06:19.922385',
        1366,
        NULL,
        1,
        2
    ),
(
        238,
        '2023-05-07 23:06:19.922385',
        '2023-05-07 23:06:19.922385',
        848,
        NULL,
        1,
        98
    ),
(
        239,
        '2023-05-07 23:06:19.922385',
        '2023-05-07 23:06:19.922385',
        1048,
        NULL,
        1,
        46
    ),
(
        240,
        '2023-05-07 23:06:19.922385',
        '2023-05-07 23:06:19.922385',
        901,
        NULL,
        1,
        30
    ),
(
        241,
        '2023-05-07 23:06:19.922385',
        '2023-05-07 23:06:19.922385',
        124,
        NULL,
        1,
        19
    ),
(
        242,
        '2023-05-07 23:06:19.922385',
        '2023-05-07 23:06:19.922385',
        513,
        NULL,
        1,
        80
    ),
(
        243,
        '2023-05-07 23:06:19.922385',
        '2023-05-07 23:06:19.922385',
        1976,
        NULL,
        1,
        76
    ),
(
        244,
        '2023-05-07 23:06:19.922385',
        '2023-05-07 23:06:19.922385',
        545,
        NULL,
        1,
        79
    ),
(
        245,
        '2023-05-07 23:06:19.922385',
        '2023-05-07 23:06:19.922385',
        1867,
        NULL,
        1,
        79
    ),
(
        246,
        '2023-05-07 23:06:19.922385',
        '2023-05-07 23:06:19.922385',
        1185,
        NULL,
        1,
        37
    ),
(
        247,
        '2023-05-07 23:06:19.922385',
        '2023-05-07 23:06:19.922385',
        819,
        NULL,
        1,
        10
    ),
(
        248,
        '2023-05-07 23:06:19.922385',
        '2023-05-07 23:06:19.922385',
        1022,
        NULL,
        1,
        64
    ),
(
        249,
        '2023-05-07 23:06:19.922385',
        '2023-05-07 23:06:19.922385',
        1435,
        NULL,
        1,
        22
    ),
(
        250,
        '2023-05-07 23:06:19.922385',
        '2023-05-07 23:06:19.922385',
        168,
        NULL,
        1,
        95
    ),
(
        251,
        '2023-05-07 23:06:19.922385',
        '2023-05-07 23:06:19.922385',
        114,
        NULL,
        1,
        95
    ),
(
        252,
        '2023-05-07 23:06:19.922385',
        '2023-05-07 23:06:19.922385',
        577,
        NULL,
        1,
        12
    ),
(
        253,
        '2023-05-07 23:06:19.922385',
        '2023-05-07 23:06:19.922385',
        969,
        NULL,
        1,
        75
    ),
(
        254,
        '2023-05-07 23:06:19.922385',
        '2023-05-07 23:06:19.922385',
        1257,
        NULL,
        1,
        99
    ),
(
        255,
        '2023-05-07 23:06:19.922385',
        '2023-05-07 23:06:19.922385',
        269,
        NULL,
        1,
        63
    ),
(
        256,
        '2023-05-07 23:06:19.922385',
        '2023-05-07 23:06:19.922385',
        259,
        NULL,
        1,
        4
    ),
(
        257,
        '2023-05-07 23:06:19.922385',
        '2023-05-07 23:06:19.922385',
        1819,
        NULL,
        1,
        29
    ),
(
        258,
        '2023-05-07 23:06:19.922385',
        '2023-05-07 23:06:19.922385',
        1777,
        NULL,
        1,
        47
    ),
(
        259,
        '2023-05-07 23:06:19.922385',
        '2023-05-07 23:06:19.922385',
        302,
        NULL,
        1,
        52
    ),
(
        260,
        '2023-05-07 23:06:19.922385',
        '2023-05-07 23:06:19.922385',
        1708,
        NULL,
        1,
        81
    ),
(
        261,
        '2023-05-07 23:06:19.922385',
        '2023-05-07 23:06:19.922385',
        186,
        NULL,
        1,
        50
    ),
(
        262,
        '2023-05-07 23:06:19.922385',
        '2023-05-07 23:06:19.922385',
        601,
        NULL,
        1,
        97
    ),
(
        263,
        '2023-05-07 23:06:19.922385',
        '2023-05-07 23:06:19.922385',
        1872,
        NULL,
        1,
        13
    ),
(
        264,
        '2023-05-07 23:06:19.922385',
        '2023-05-07 23:06:19.922385',
        216,
        NULL,
        1,
        49
    ),
(
        265,
        '2023-05-07 23:06:19.922385',
        '2023-05-07 23:06:19.922385',
        435,
        NULL,
        1,
        67
    ),
(
        266,
        '2023-05-07 23:06:19.922385',
        '2023-05-07 23:06:19.922385',
        1069,
        NULL,
        1,
        39
    ),
(
        267,
        '2023-05-07 23:06:19.922385',
        '2023-05-07 23:06:19.922385',
        666,
        NULL,
        1,
        28
    ),
(
        268,
        '2023-05-07 23:06:19.922385',
        '2023-05-07 23:06:19.922385',
        680,
        NULL,
        1,
        24
    ),
(
        269,
        '2023-05-07 23:06:19.922385',
        '2023-05-07 23:06:19.922385',
        1111,
        NULL,
        1,
        74
    ),
(
        270,
        '2023-05-07 23:06:19.922385',
        '2023-05-07 23:06:19.922385',
        305,
        NULL,
        1,
        64
    ),
(
        271,
        '2023-05-07 23:06:19.922385',
        '2023-05-07 23:06:19.922385',
        571,
        NULL,
        1,
        35
    ),
(
        272,
        '2023-05-07 23:06:19.922385',
        '2023-05-07 23:06:19.922385',
        191,
        NULL,
        1,
        87
    ),
(
        273,
        '2023-05-07 23:06:19.922385',
        '2023-05-07 23:06:19.922385',
        491,
        NULL,
        1,
        15
    ),
(
        274,
        '2023-05-07 23:06:19.922385',
        '2023-05-07 23:06:19.922385',
        1616,
        NULL,
        1,
        71
    ),
(
        275,
        '2023-05-07 23:06:19.922385',
        '2023-05-07 23:06:19.922385',
        192,
        NULL,
        1,
        92
    ),
(
        276,
        '2023-05-07 23:06:19.922385',
        '2023-05-07 23:06:19.922385',
        602,
        NULL,
        1,
        26
    ),
(
        277,
        '2023-05-07 23:06:19.922385',
        '2023-05-07 23:06:19.922385',
        1185,
        NULL,
        1,
        3
    ),
(
        278,
        '2023-05-07 23:06:19.922385',
        '2023-05-07 23:06:19.922385',
        1694,
        NULL,
        1,
        57
    ),
(
        279,
        '2023-05-07 23:06:19.922385',
        '2023-05-07 23:06:19.922385',
        1224,
        1,
        NULL,
        78
    ),
(
        280,
        '2023-05-07 23:06:19.922385',
        '2023-05-07 23:06:19.922385',
        265,
        NULL,
        1,
        76
    ),
(
        281,
        '2023-05-07 23:06:19.922385',
        '2023-05-07 23:06:19.922385',
        641,
        NULL,
        1,
        81
    ),
(
        282,
        '2023-05-07 23:06:19.922385',
        '2023-05-07 23:06:19.922385',
        991,
        NULL,
        1,
        10
    ),
(
        283,
        '2023-05-07 23:06:19.922385',
        '2023-05-07 23:06:19.922385',
        1491,
        NULL,
        1,
        67
    ),
(
        284,
        '2023-05-07 23:06:19.922385',
        '2023-05-07 23:06:19.922385',
        1514,
        NULL,
        1,
        86
    ),
(
        285,
        '2023-05-07 23:06:19.922385',
        '2023-05-07 23:06:19.922385',
        275,
        NULL,
        1,
        28
    ),
(
        286,
        '2023-05-07 23:06:19.922385',
        '2023-05-07 23:06:19.922385',
        777,
        NULL,
        1,
        40
    ),
(
        287,
        '2023-05-07 23:06:19.922385',
        '2023-05-07 23:06:19.922385',
        371,
        NULL,
        1,
        10
    ),
(
        288,
        '2023-05-07 23:06:19.922385',
        '2023-05-07 23:06:19.922385',
        179,
        NULL,
        1,
        51
    ),
(
        289,
        '2023-05-07 23:06:19.922385',
        '2023-05-07 23:06:19.922385',
        258,
        NULL,
        1,
        37
    ),
(
        290,
        '2023-05-07 23:06:19.922385',
        '2023-05-07 23:06:19.922385',
        1542,
        NULL,
        1,
        73
    ),
(
        291,
        '2023-05-07 23:06:19.922385',
        '2023-05-07 23:06:19.922385',
        499,
        NULL,
        1,
        64
    ),
(
        292,
        '2023-05-07 23:06:19.922385',
        '2023-05-07 23:06:19.922385',
        1399,
        NULL,
        1,
        14
    ),
(
        293,
        '2023-05-07 23:06:19.922385',
        '2023-05-07 23:06:19.922385',
        1512,
        NULL,
        1,
        41
    ),
(
        294,
        '2023-05-07 23:06:19.922385',
        '2023-05-07 23:06:19.922385',
        1117,
        NULL,
        1,
        80
    ),
(
        295,
        '2023-05-07 23:06:19.922385',
        '2023-05-07 23:06:19.922385',
        500,
        NULL,
        1,
        41
    ),
(
        296,
        '2023-05-07 23:06:19.922385',
        '2023-05-07 23:06:19.922385',
        1609,
        NULL,
        1,
        36
    ),
(
        297,
        '2023-05-07 23:06:19.922385',
        '2023-05-07 23:06:19.922385',
        363,
        NULL,
        1,
        68
    ),
(
        298,
        '2023-05-07 23:06:19.922385',
        '2023-05-07 23:06:19.922385',
        279,
        NULL,
        1,
        26
    ),
(
        299,
        '2023-05-07 23:06:19.922385',
        '2023-05-07 23:06:19.922385',
        1100,
        NULL,
        1,
        55
    ),
(
        300,
        '2023-05-07 23:06:19.922385',
        '2023-05-07 23:06:19.922385',
        320,
        NULL,
        1,
        9
    ),
(
        301,
        '2023-05-07 23:06:19.922385',
        '2023-05-07 23:06:19.922385',
        1693,
        NULL,
        1,
        56
    ),
(
        302,
        '2023-05-07 23:06:19.922385',
        '2023-05-07 23:06:19.922385',
        1803,
        NULL,
        1,
        99
    ),
(
        303,
        '2023-05-07 23:06:19.922385',
        '2023-05-07 23:06:19.922385',
        1835,
        NULL,
        1,
        81
    ),
(
        304,
        '2023-05-07 23:06:19.922385',
        '2023-05-07 23:06:19.922385',
        1021,
        NULL,
        1,
        66
    ),
(
        305,
        '2023-05-07 23:06:19.922385',
        '2023-05-07 23:06:19.922385',
        1458,
        NULL,
        1,
        93
    ),
(
        306,
        '2023-05-07 23:06:19.922385',
        '2023-05-07 23:06:19.922385',
        307,
        NULL,
        1,
        75
    ),
(
        307,
        '2023-05-07 23:06:19.922385',
        '2023-05-07 23:06:19.922385',
        1848,
        NULL,
        1,
        46
    ),
(
        308,
        '2023-05-07 23:06:19.922385',
        '2023-05-07 23:06:19.922385',
        764,
        NULL,
        1,
        76
    ),
(
        309,
        '2023-05-07 23:06:19.922385',
        '2023-05-07 23:06:19.922385',
        1259,
        NULL,
        1,
        81
    ),
(
        310,
        '2023-05-07 23:06:19.922385',
        '2023-05-07 23:06:19.922385',
        1254,
        NULL,
        1,
        51
    ),
(
        311,
        '2023-05-07 23:06:19.922385',
        '2023-05-07 23:06:19.922385',
        851,
        NULL,
        1,
        30
    ),
(
        312,
        '2023-05-07 23:06:19.922385',
        '2023-05-07 23:06:19.922385',
        669,
        NULL,
        1,
        40
    ),
(
        313,
        '2023-05-07 23:06:19.922385',
        '2023-05-07 23:06:19.922385',
        1904,
        NULL,
        1,
        67
    ),
(
        314,
        '2023-05-07 23:06:19.922385',
        '2023-05-07 23:06:19.922385',
        1166,
        NULL,
        1,
        28
    ),
(
        315,
        '2023-05-07 23:06:19.922385',
        '2023-05-07 23:06:19.922385',
        1319,
        NULL,
        1,
        54
    ),
(
        316,
        '2023-05-07 23:06:19.922385',
        '2023-05-07 23:06:19.922385',
        1613,
        NULL,
        1,
        88
    ),
(
        317,
        '2023-05-07 23:06:19.922385',
        '2023-05-07 23:06:19.922385',
        1597,
        NULL,
        1,
        46
    ),
(
        318,
        '2023-05-07 23:06:19.922385',
        '2023-05-07 23:06:19.922385',
        1076,
        NULL,
        1,
        23
    ),
(
        319,
        '2023-05-07 23:06:19.922385',
        '2023-05-07 23:06:19.922385',
        441,
        NULL,
        1,
        2
    ),
(
        320,
        '2023-05-07 23:06:19.922385',
        '2023-05-07 23:06:19.922385',
        1155,
        NULL,
        1,
        71
    ),
(
        321,
        '2023-05-07 23:06:19.922385',
        '2023-05-07 23:06:19.922385',
        934,
        NULL,
        1,
        63
    ),
(
        322,
        '2023-05-07 23:06:19.922385',
        '2023-05-07 23:06:19.922385',
        1920,
        NULL,
        1,
        44
    ),
(
        323,
        '2023-05-07 23:06:19.922385',
        '2023-05-07 23:06:19.922385',
        662,
        NULL,
        1,
        21
    ),
(
        324,
        '2023-05-07 23:06:19.922385',
        '2023-05-07 23:06:19.922385',
        708,
        NULL,
        1,
        86
    ),
(
        325,
        '2023-05-07 23:06:19.922385',
        '2023-05-07 23:06:19.922385',
        1612,
        NULL,
        1,
        12
    ),
(
        326,
        '2023-05-07 23:06:19.922385',
        '2023-05-07 23:06:19.922385',
        354,
        NULL,
        1,
        81
    ),
(
        327,
        '2023-05-07 23:06:19.922385',
        '2023-05-07 23:06:19.922385',
        1020,
        NULL,
        1,
        34
    ),
(
        328,
        '2023-05-07 23:06:19.922385',
        '2023-05-07 23:06:19.922385',
        276,
        NULL,
        1,
        2
    ),
(
        329,
        '2023-05-07 23:06:19.922385',
        '2023-05-07 23:06:19.922385',
        1397,
        NULL,
        1,
        94
    ),
(
        330,
        '2023-05-07 23:06:19.922385',
        '2023-05-07 23:06:19.922385',
        1941,
        NULL,
        1,
        91
    ),
(
        331,
        '2023-05-07 23:06:19.922385',
        '2023-05-07 23:06:19.922385',
        1376,
        NULL,
        1,
        100
    ),
(
        332,
        '2023-05-07 23:06:19.922385',
        '2023-05-07 23:06:19.922385',
        544,
        NULL,
        1,
        89
    ),
(
        333,
        '2023-05-07 23:06:19.922385',
        '2023-05-07 23:06:19.922385',
        296,
        NULL,
        1,
        19
    ),
(
        334,
        '2023-05-07 23:06:19.922385',
        '2023-05-07 23:06:19.922385',
        1648,
        NULL,
        1,
        19
    ),
(
        335,
        '2023-05-07 23:06:19.922385',
        '2023-05-07 23:06:19.922385',
        1293,
        NULL,
        1,
        31
    ),
(
        336,
        '2023-05-07 23:06:19.922385',
        '2023-05-07 23:06:19.922385',
        529,
        NULL,
        1,
        94
    ),
(
        337,
        '2023-05-07 23:06:19.922385',
        '2023-05-07 23:06:19.922385',
        167,
        NULL,
        1,
        43
    ),
(
        338,
        '2023-05-07 23:06:19.922385',
        '2023-05-07 23:06:19.922385',
        1880,
        NULL,
        1,
        94
    ),
(
        339,
        '2023-05-07 23:06:19.922385',
        '2023-05-07 23:06:19.922385',
        663,
        NULL,
        1,
        11
    ),
(
        340,
        '2023-05-07 23:06:19.922385',
        '2023-05-07 23:06:19.922385',
        718,
        NULL,
        1,
        41
    ),
(
        341,
        '2023-05-07 23:06:19.922385',
        '2023-05-07 23:06:19.922385',
        1074,
        NULL,
        1,
        65
    ),
(
        342,
        '2023-05-07 23:06:19.922385',
        '2023-05-07 23:06:19.922385',
        1025,
        NULL,
        1,
        61
    ),
(
        343,
        '2023-05-07 23:06:19.922385',
        '2023-05-07 23:06:19.922385',
        1714,
        NULL,
        1,
        39
    ),
(
        344,
        '2023-05-07 23:06:19.922385',
        '2023-05-07 23:06:19.922385',
        1526,
        NULL,
        1,
        11
    ),
(
        345,
        '2023-05-07 23:06:19.922385',
        '2023-05-07 23:06:19.922385',
        267,
        NULL,
        1,
        85
    ),
(
        346,
        '2023-05-07 23:06:19.922385',
        '2023-05-07 23:06:19.922385',
        194,
        NULL,
        1,
        28
    ),
(
        347,
        '2023-05-07 23:06:19.922385',
        '2023-05-07 23:06:19.922385',
        437,
        NULL,
        1,
        37
    ),
(
        348,
        '2023-05-07 23:06:19.922385',
        '2023-05-07 23:06:19.922385',
        1136,
        NULL,
        1,
        31
    ),
(
        349,
        '2023-05-07 23:06:19.922385',
        '2023-05-07 23:06:19.922385',
        896,
        NULL,
        1,
        8
    ),
(
        350,
        '2023-05-07 23:06:19.922385',
        '2023-05-07 23:06:19.922385',
        1452,
        NULL,
        1,
        37
    ),
(
        351,
        '2023-05-07 23:06:19.922385',
        '2023-05-07 23:06:19.922385',
        388,
        NULL,
        1,
        64
    ),
(
        352,
        '2023-05-07 23:06:19.922385',
        '2023-05-07 23:06:19.922385',
        1572,
        NULL,
        1,
        70
    ),
(
        353,
        '2023-05-07 23:06:19.922385',
        '2023-05-07 23:06:19.922385',
        1299,
        NULL,
        1,
        28
    ),
(
        354,
        '2023-05-07 23:06:19.922385',
        '2023-05-07 23:06:19.922385',
        1994,
        NULL,
        1,
        98
    ),
(
        355,
        '2023-05-07 23:06:19.922385',
        '2023-05-07 23:06:19.922385',
        971,
        NULL,
        1,
        17
    ),
(
        356,
        '2023-05-07 23:06:19.922385',
        '2023-05-07 23:06:19.922385',
        524,
        NULL,
        1,
        53
    ),
(
        357,
        '2023-05-07 23:06:19.922385',
        '2023-05-07 23:06:19.922385',
        726,
        NULL,
        1,
        32
    ),
(
        358,
        '2023-05-07 23:06:19.922385',
        '2023-05-07 23:06:19.922385',
        1924,
        NULL,
        1,
        42
    ),
(
        359,
        '2023-05-07 23:06:19.922385',
        '2023-05-07 23:06:19.922385',
        124,
        NULL,
        1,
        68
    ),
(
        360,
        '2023-05-07 23:06:19.922385',
        '2023-05-07 23:06:19.922385',
        793,
        NULL,
        1,
        13
    ),
(
        361,
        '2023-05-07 23:06:19.922385',
        '2023-05-07 23:06:19.922385',
        1258,
        NULL,
        1,
        18
    ),
(
        362,
        '2023-05-07 23:06:19.922385',
        '2023-05-07 23:06:19.922385',
        420,
        NULL,
        1,
        17
    ),
(
        363,
        '2023-05-07 23:06:19.922385',
        '2023-05-07 23:06:19.922385',
        1925,
        NULL,
        1,
        66
    ),
(
        364,
        '2023-05-07 23:06:19.922385',
        '2023-05-07 23:06:19.922385',
        1923,
        NULL,
        1,
        100
    ),
(
        365,
        '2023-05-07 23:06:19.922385',
        '2023-05-07 23:06:19.922385',
        430,
        NULL,
        1,
        29
    ),
(
        366,
        '2023-05-07 23:06:19.922385',
        '2023-05-07 23:06:19.922385',
        704,
        NULL,
        1,
        27
    ),
(
        367,
        '2023-05-07 23:06:19.922385',
        '2023-05-07 23:06:19.922385',
        222,
        NULL,
        1,
        3
    ),
(
        368,
        '2023-05-07 23:06:19.922385',
        '2023-05-07 23:06:19.922385',
        608,
        NULL,
        1,
        18
    ),
(
        369,
        '2023-05-07 23:06:19.922385',
        '2023-05-07 23:06:19.922385',
        1501,
        NULL,
        1,
        73
    ),
(
        370,
        '2023-05-07 23:06:19.922385',
        '2023-05-07 23:06:19.922385',
        1484,
        NULL,
        1,
        51
    ),
(
        371,
        '2023-05-07 23:06:19.922385',
        '2023-05-07 23:06:19.922385',
        1680,
        NULL,
        1,
        100
    ),
(
        372,
        '2023-05-07 23:06:19.922385',
        '2023-05-07 23:06:19.922385',
        1150,
        NULL,
        1,
        2
    ),
(
        373,
        '2023-05-07 23:06:19.922385',
        '2023-05-07 23:06:19.922385',
        470,
        NULL,
        1,
        88
    ),
(
        374,
        '2023-05-07 23:06:19.922385',
        '2023-05-07 23:06:19.922385',
        207,
        NULL,
        1,
        93
    ),
(
        375,
        '2023-05-07 23:06:19.922385',
        '2023-05-07 23:06:19.922385',
        252,
        NULL,
        1,
        85
    ),
(
        376,
        '2023-05-07 23:06:19.922385',
        '2023-05-07 23:06:19.922385',
        493,
        NULL,
        1,
        80
    ),
(
        377,
        '2023-05-07 23:06:19.922385',
        '2023-05-07 23:06:19.922385',
        1378,
        NULL,
        1,
        41
    ),
(
        378,
        '2023-05-07 23:06:19.922385',
        '2023-05-07 23:06:19.922385',
        296,
        NULL,
        1,
        17
    ),
(
        379,
        '2023-05-07 23:06:19.922385',
        '2023-05-07 23:06:19.922385',
        1578,
        NULL,
        1,
        76
    ),
(
        380,
        '2023-05-07 23:06:19.922385',
        '2023-05-07 23:06:19.922385',
        1253,
        NULL,
        1,
        54
    ),
(
        381,
        '2023-05-07 23:06:19.922385',
        '2023-05-07 23:06:19.922385',
        954,
        NULL,
        1,
        76
    ),
(
        382,
        '2023-05-07 23:06:19.922385',
        '2023-05-07 23:06:19.922385',
        1540,
        NULL,
        1,
        94
    ),
(
        383,
        '2023-05-07 23:06:19.922385',
        '2023-05-07 23:06:19.922385',
        1772,
        NULL,
        1,
        2
    ),
(
        384,
        '2023-05-07 23:06:19.922385',
        '2023-05-07 23:06:19.922385',
        1080,
        NULL,
        1,
        6
    ),
(
        385,
        '2023-05-07 23:06:19.922385',
        '2023-05-07 23:06:19.922385',
        1845,
        NULL,
        1,
        6
    ),
(
        386,
        '2023-05-07 23:06:19.922385',
        '2023-05-07 23:06:19.922385',
        1489,
        NULL,
        1,
        41
    ),
(
        387,
        '2023-05-07 23:06:19.922385',
        '2023-05-07 23:06:19.922385',
        1238,
        NULL,
        1,
        61
    ),
(
        388,
        '2023-05-07 23:06:19.922385',
        '2023-05-07 23:06:19.922385',
        1406,
        NULL,
        1,
        2
    ),
(
        389,
        '2023-05-07 23:06:19.922385',
        '2023-05-07 23:06:19.922385',
        503,
        NULL,
        1,
        73
    ),
(
        390,
        '2023-05-07 23:06:19.922385',
        '2023-05-07 23:06:19.922385',
        1890,
        NULL,
        1,
        60
    ),
(
        391,
        '2023-05-07 23:06:19.922385',
        '2023-05-07 23:06:19.922385',
        1980,
        NULL,
        1,
        9
    ),
(
        392,
        '2023-05-07 23:06:19.922385',
        '2023-05-07 23:06:19.922385',
        293,
        NULL,
        1,
        3
    ),
(
        393,
        '2023-05-07 23:06:19.922385',
        '2023-05-07 23:06:19.922385',
        1728,
        NULL,
        1,
        75
    ),
(
        394,
        '2023-05-07 23:06:19.922385',
        '2023-05-07 23:06:19.922385',
        315,
        NULL,
        1,
        9
    ),
(
        395,
        '2023-05-07 23:06:19.922385',
        '2023-05-07 23:06:19.922385',
        1997,
        NULL,
        1,
        87
    ),
(
        396,
        '2023-05-07 23:06:19.922385',
        '2023-05-07 23:06:19.922385',
        402,
        NULL,
        1,
        67
    ),
(
        397,
        '2023-05-07 23:06:19.922385',
        '2023-05-07 23:06:19.922385',
        1638,
        NULL,
        1,
        90
    ),
(
        398,
        '2023-05-07 23:06:19.922385',
        '2023-05-07 23:06:19.922385',
        825,
        NULL,
        1,
        93
    ),
(
        399,
        '2023-05-07 23:06:19.922385',
        '2023-05-07 23:06:19.922385',
        396,
        NULL,
        1,
        60
    ),
(
        400,
        '2023-05-07 23:06:19.922385',
        '2023-05-07 23:06:19.922385',
        103,
        NULL,
        1,
        77
    ),
(
        401,
        '2023-05-07 23:06:19.922385',
        '2023-05-07 23:06:19.922385',
        1206,
        NULL,
        1,
        29
    ),
(
        402,
        '2023-05-07 23:06:19.922385',
        '2023-05-07 23:06:19.922385',
        1059,
        NULL,
        1,
        78
    ),
(
        403,
        '2023-05-07 23:06:19.922385',
        '2023-05-07 23:06:19.922385',
        1799,
        NULL,
        1,
        68
    ),
(
        404,
        '2023-05-07 23:06:19.922385',
        '2023-05-07 23:06:19.922385',
        261,
        NULL,
        1,
        35
    ),
(
        405,
        '2023-05-07 23:06:19.922385',
        '2023-05-07 23:06:19.922385',
        1377,
        NULL,
        1,
        69
    ),
(
        406,
        '2023-05-07 23:06:19.922385',
        '2023-05-07 23:06:19.922385',
        1146,
        NULL,
        1,
        11
    ),
(
        407,
        '2023-05-07 23:06:19.922385',
        '2023-05-07 23:06:19.922385',
        241,
        NULL,
        1,
        83
    ),
(
        408,
        '2023-05-07 23:06:19.922385',
        '2023-05-07 23:06:19.922385',
        160,
        NULL,
        1,
        51
    ),
(
        409,
        '2023-05-07 23:06:19.922385',
        '2023-05-07 23:06:19.922385',
        927,
        NULL,
        1,
        24
    ),
(
        410,
        '2023-05-07 23:06:19.922385',
        '2023-05-07 23:06:19.922385',
        1603,
        NULL,
        1,
        23
    ),
(
        411,
        '2023-05-07 23:06:19.922385',
        '2023-05-07 23:06:19.922385',
        1431,
        NULL,
        1,
        73
    ),
(
        412,
        '2023-05-07 23:06:19.922385',
        '2023-05-07 23:06:19.922385',
        1646,
        NULL,
        1,
        53
    ),
(
        413,
        '2023-05-07 23:06:19.922385',
        '2023-05-07 23:06:19.922385',
        1324,
        NULL,
        1,
        63
    ),
(
        414,
        '2023-05-07 23:06:19.922385',
        '2023-05-07 23:06:19.922385',
        1795,
        NULL,
        1,
        24
    ),
(
        415,
        '2023-05-07 23:06:19.922385',
        '2023-05-07 23:06:19.922385',
        1822,
        NULL,
        1,
        87
    ),
(
        416,
        '2023-05-07 23:06:19.922385',
        '2023-05-07 23:06:19.922385',
        634,
        NULL,
        1,
        71
    ),
(
        417,
        '2023-05-07 23:06:19.922385',
        '2023-05-07 23:06:19.922385',
        872,
        NULL,
        1,
        58
    ),
(
        418,
        '2023-05-07 23:06:19.922385',
        '2023-05-07 23:06:19.922385',
        833,
        NULL,
        1,
        33
    ),
(
        419,
        '2023-05-07 23:06:19.922385',
        '2023-05-07 23:06:19.922385',
        680,
        NULL,
        1,
        85
    ),
(
        420,
        '2023-05-07 23:06:19.922385',
        '2023-05-07 23:06:19.922385',
        353,
        NULL,
        1,
        88
    ),
(
        421,
        '2023-05-07 23:06:19.922385',
        '2023-05-07 23:06:19.922385',
        1680,
        NULL,
        1,
        33
    ),
(
        422,
        '2023-05-07 23:06:19.922385',
        '2023-05-07 23:06:19.922385',
        1724,
        NULL,
        1,
        90
    ),
(
        423,
        '2023-05-07 23:06:19.922385',
        '2023-05-07 23:06:19.922385',
        961,
        NULL,
        1,
        59
    ),
(
        424,
        '2023-05-07 23:06:19.922385',
        '2023-05-07 23:06:19.922385',
        976,
        NULL,
        1,
        69
    ),
(
        425,
        '2023-05-07 23:06:19.922385',
        '2023-05-07 23:06:19.922385',
        1635,
        NULL,
        1,
        59
    ),
(
        426,
        '2023-05-07 23:06:19.922385',
        '2023-05-07 23:06:19.922385',
        481,
        NULL,
        1,
        96
    ),
(
        427,
        '2023-05-07 23:06:19.922385',
        '2023-05-07 23:06:19.922385',
        1454,
        NULL,
        1,
        2
    ),
(
        428,
        '2023-05-07 23:06:19.922385',
        '2023-05-07 23:06:19.922385',
        340,
        NULL,
        1,
        44
    ),
(
        429,
        '2023-05-07 23:06:19.922385',
        '2023-05-07 23:06:19.922385',
        1088,
        NULL,
        1,
        16
    ),
(
        430,
        '2023-05-07 23:06:19.922385',
        '2023-05-07 23:06:19.922385',
        1775,
        NULL,
        1,
        64
    ),
(
        431,
        '2023-05-07 23:06:19.922385',
        '2023-05-07 23:06:19.922385',
        247,
        NULL,
        1,
        10
    ),
(
        432,
        '2023-05-07 23:06:19.922385',
        '2023-05-07 23:06:19.922385',
        776,
        NULL,
        1,
        96
    ),
(
        433,
        '2023-05-07 23:06:19.922385',
        '2023-05-07 23:06:19.922385',
        1792,
        NULL,
        1,
        53
    ),
(
        434,
        '2023-05-07 23:06:19.922385',
        '2023-05-07 23:06:19.922385',
        126,
        NULL,
        1,
        24
    ),
(
        435,
        '2023-05-07 23:06:19.922385',
        '2023-05-07 23:06:19.922385',
        1194,
        NULL,
        1,
        39
    ),
(
        436,
        '2023-05-07 23:06:19.922385',
        '2023-05-07 23:06:19.922385',
        282,
        NULL,
        1,
        62
    ),
(
        437,
        '2023-05-07 23:06:19.922385',
        '2023-05-07 23:06:19.922385',
        1920,
        NULL,
        1,
        40
    ),
(
        438,
        '2023-05-07 23:06:19.922385',
        '2023-05-07 23:06:19.922385',
        1614,
        NULL,
        1,
        45
    ),
(
        439,
        '2023-05-07 23:06:19.922385',
        '2023-05-07 23:06:19.922385',
        1465,
        NULL,
        1,
        39
    ),
(
        440,
        '2023-05-07 23:06:19.922385',
        '2023-05-07 23:06:19.922385',
        1779,
        NULL,
        1,
        41
    ),
(
        441,
        '2023-05-07 23:06:19.922385',
        '2023-05-07 23:06:19.922385',
        669,
        NULL,
        1,
        11
    ),
(
        442,
        '2023-05-07 23:06:19.922385',
        '2023-05-07 23:06:19.922385',
        1621,
        NULL,
        1,
        10
    ),
(
        443,
        '2023-05-07 23:06:19.922385',
        '2023-05-07 23:06:19.922385',
        276,
        NULL,
        1,
        52
    ),
(
        444,
        '2023-05-07 23:06:19.922385',
        '2023-05-07 23:06:19.922385',
        474,
        NULL,
        1,
        34
    ),
(
        445,
        '2023-05-07 23:06:19.922385',
        '2023-05-07 23:06:19.922385',
        156,
        NULL,
        1,
        8
    ),
(
        446,
        '2023-05-07 23:06:19.922385',
        '2023-05-07 23:06:19.922385',
        635,
        NULL,
        1,
        97
    ),
(
        447,
        '2023-05-07 23:06:19.922385',
        '2023-05-07 23:06:19.922385',
        1231,
        NULL,
        1,
        66
    ),
(
        448,
        '2023-05-07 23:06:19.922385',
        '2023-05-07 23:06:19.922385',
        1090,
        NULL,
        1,
        3
    ),
(
        449,
        '2023-05-07 23:06:19.922385',
        '2023-05-07 23:06:19.922385',
        1121,
        NULL,
        1,
        95
    ),
(
        450,
        '2023-05-07 23:06:19.922385',
        '2023-05-07 23:06:19.922385',
        1689,
        NULL,
        1,
        20
    ),
(
        451,
        '2023-05-07 23:06:19.922385',
        '2023-05-07 23:06:19.922385',
        1980,
        NULL,
        1,
        91
    ),
(
        452,
        '2023-05-07 23:06:19.922385',
        '2023-05-07 23:06:19.922385',
        1344,
        NULL,
        1,
        92
    ),
(
        453,
        '2023-05-07 23:06:19.922385',
        '2023-05-07 23:06:19.922385',
        318,
        NULL,
        1,
        68
    ),
(
        454,
        '2023-05-07 23:06:19.922385',
        '2023-05-07 23:06:19.922385',
        818,
        NULL,
        1,
        72
    ),
(
        455,
        '2023-05-07 23:06:19.922385',
        '2023-05-07 23:06:19.922385',
        971,
        NULL,
        1,
        25
    ),
(
        456,
        '2023-05-07 23:06:19.922385',
        '2023-05-07 23:06:19.922385',
        276,
        NULL,
        1,
        83
    ),
(
        457,
        '2023-05-07 23:06:19.922385',
        '2023-05-07 23:06:19.922385',
        1709,
        NULL,
        1,
        39
    ),
(
        458,
        '2023-05-07 23:06:19.922385',
        '2023-05-07 23:06:19.922385',
        1338,
        NULL,
        1,
        64
    ),
(
        459,
        '2023-05-07 23:06:19.922385',
        '2023-05-07 23:06:19.922385',
        1149,
        NULL,
        1,
        47
    ),
(
        460,
        '2023-05-07 23:06:19.922385',
        '2023-05-07 23:06:19.922385',
        1414,
        NULL,
        1,
        83
    ),
(
        461,
        '2023-05-07 23:06:19.922385',
        '2023-05-07 23:06:19.922385',
        1339,
        NULL,
        1,
        26
    ),
(
        462,
        '2023-05-07 23:06:19.922385',
        '2023-05-07 23:06:19.922385',
        513,
        NULL,
        1,
        91
    ),
(
        463,
        '2023-05-07 23:06:19.922385',
        '2023-05-07 23:06:19.922385',
        997,
        NULL,
        1,
        25
    ),
(
        464,
        '2023-05-07 23:06:19.922385',
        '2023-05-07 23:06:19.922385',
        449,
        NULL,
        1,
        9
    ),
(
        465,
        '2023-05-07 23:06:19.922385',
        '2023-05-07 23:06:19.922385',
        410,
        NULL,
        1,
        50
    ),
(
        466,
        '2023-05-07 23:06:19.922385',
        '2023-05-07 23:06:19.922385',
        370,
        NULL,
        1,
        93
    ),
(
        467,
        '2023-05-07 23:06:19.922385',
        '2023-05-07 23:06:19.922385',
        1911,
        NULL,
        1,
        55
    ),
(
        468,
        '2023-05-07 23:06:19.922385',
        '2023-05-07 23:06:19.922385',
        1143,
        NULL,
        1,
        25
    ),
(
        469,
        '2023-05-07 23:06:19.922385',
        '2023-05-07 23:06:19.922385',
        506,
        NULL,
        1,
        99
    ),
(
        470,
        '2023-05-07 23:06:19.922385',
        '2023-05-07 23:06:19.922385',
        875,
        NULL,
        1,
        33
    ),
(
        471,
        '2023-05-07 23:06:19.922385',
        '2023-05-07 23:06:19.922385',
        263,
        NULL,
        1,
        31
    ),
(
        472,
        '2023-05-07 23:06:19.922385',
        '2023-05-07 23:06:19.922385',
        1382,
        NULL,
        1,
        12
    ),
(
        473,
        '2023-05-07 23:06:19.922385',
        '2023-05-07 23:06:19.922385',
        214,
        NULL,
        1,
        3
    ),
(
        474,
        '2023-05-07 23:06:19.922385',
        '2023-05-07 23:06:19.922385',
        878,
        NULL,
        1,
        23
    ),
(
        475,
        '2023-05-07 23:06:19.922385',
        '2023-05-07 23:06:19.922385',
        700,
        NULL,
        1,
        68
    ),
(
        476,
        '2023-05-07 23:06:19.922385',
        '2023-05-07 23:06:19.922385',
        528,
        NULL,
        1,
        94
    ),
(
        477,
        '2023-05-07 23:06:19.922385',
        '2023-05-07 23:06:19.922385',
        305,
        NULL,
        1,
        95
    ),
(
        478,
        '2023-05-07 23:06:19.922385',
        '2023-05-07 23:06:19.922385',
        1578,
        NULL,
        1,
        62
    ),
(
        479,
        '2023-05-07 23:06:19.922385',
        '2023-05-07 23:06:19.922385',
        1026,
        NULL,
        1,
        1
    ),
(
        480,
        '2023-05-07 23:06:19.922385',
        '2023-05-07 23:06:19.922385',
        394,
        NULL,
        1,
        19
    ),
(
        481,
        '2023-05-07 23:06:19.922385',
        '2023-05-07 23:06:19.922385',
        1689,
        NULL,
        1,
        69
    ),
(
        482,
        '2023-05-07 23:06:19.922385',
        '2023-05-07 23:06:19.922385',
        369,
        NULL,
        1,
        80
    ),
(
        483,
        '2023-05-07 23:06:19.922385',
        '2023-05-07 23:06:19.922385',
        608,
        NULL,
        1,
        10
    ),
(
        484,
        '2023-05-07 23:06:19.922385',
        '2023-05-07 23:06:19.922385',
        1651,
        NULL,
        1,
        14
    ),
(
        485,
        '2023-05-07 23:06:19.922385',
        '2023-05-07 23:06:19.922385',
        1636,
        NULL,
        1,
        63
    ),
(
        486,
        '2023-05-07 23:06:19.922385',
        '2023-05-07 23:06:19.922385',
        887,
        NULL,
        1,
        83
    ),
(
        487,
        '2023-05-07 23:06:19.922385',
        '2023-05-07 23:06:19.922385',
        1024,
        NULL,
        1,
        5
    ),
(
        488,
        '2023-05-07 23:06:19.922385',
        '2023-05-07 23:06:19.922385',
        520,
        NULL,
        1,
        34
    ),
(
        489,
        '2023-05-07 23:06:19.922385',
        '2023-05-07 23:06:19.922385',
        410,
        NULL,
        1,
        8
    ),
(
        490,
        '2023-05-07 23:06:19.922385',
        '2023-05-07 23:06:19.922385',
        1251,
        NULL,
        1,
        7
    ),
(
        491,
        '2023-05-07 23:06:19.922385',
        '2023-05-07 23:06:19.922385',
        1870,
        NULL,
        1,
        80
    ),
(
        492,
        '2023-05-07 23:06:19.922385',
        '2023-05-07 23:06:19.922385',
        1206,
        NULL,
        1,
        30
    ),
(
        493,
        '2023-05-07 23:06:19.922385',
        '2023-05-07 23:06:19.922385',
        1484,
        NULL,
        1,
        73
    ),
(
        494,
        '2023-05-07 23:06:19.922385',
        '2023-05-07 23:06:19.922385',
        461,
        NULL,
        1,
        91
    ),
(
        495,
        '2023-05-07 23:06:19.922385',
        '2023-05-07 23:06:19.922385',
        1864,
        NULL,
        1,
        95
    ),
(
        496,
        '2023-05-07 23:06:19.922385',
        '2023-05-07 23:06:19.922385',
        1831,
        NULL,
        1,
        5
    ),
(
        497,
        '2023-05-07 23:06:19.922385',
        '2023-05-07 23:06:19.922385',
        1898,
        NULL,
        1,
        93
    ),
(
        498,
        '2023-05-07 23:06:19.922385',
        '2023-05-07 23:06:19.922385',
        1180,
        NULL,
        1,
        2
    ),
(
        499,
        '2023-05-07 23:06:19.922385',
        '2023-05-07 23:06:19.922385',
        1226,
        NULL,
        1,
        59
    );

/*!40000 ALTER TABLE `spendings` ENABLE KEYS */
;

UNLOCK TABLES;

--
-- Table structure for table `users`
--
DROP TABLE IF EXISTS `users`;

/*!40101 SET @saved_cs_client     = @@character_set_client */
;

/*!40101 SET character_set_client = utf8 */
;

CREATE TABLE `users` (
    `id` int(11) NOT NULL AUTO_INCREMENT,
    `created_at` datetime(6) NOT NULL DEFAULT CURRENT_TIMESTAMP(6),
    `updated_at` datetime(6) NOT NULL DEFAULT CURRENT_TIMESTAMP(6) ON UPDATE CURRENT_TIMESTAMP(6),
    `name` varchar(255) NOT NULL,
    `email` varchar(255) NOT NULL,
    `password` varchar(255) NOT NULL,
    PRIMARY KEY (`id`),
    UNIQUE KEY `IDX_97672ac88f789774dd47f7c8be` (`email`)
) ENGINE = InnoDB AUTO_INCREMENT = 51 DEFAULT CHARSET = utf8mb4;

/*!40101 SET character_set_client = @saved_cs_client */
;

--
-- Dumping data for table `users`
--
LOCK TABLES `users` WRITE;

/*!40000 ALTER TABLE `users` DISABLE KEYS */
;

INSERT INTO
    `users`
VALUES
    (
        1,
        '2023-05-07 23:05:33.684822',
        '2023-05-07 23:05:33.684822',
        '土井 麻衣',
        'doi_813_73589269@gmail.com',
        'password'
    ),
(
        2,
        '2023-05-07 23:05:33.684822',
        '2023-05-07 23:05:33.684822',
        '櫻井 裕貴',
        'sakuraiyuuki_08946681@gmail.com',
        'password'
    ),
(
        3,
        '2023-05-07 23:05:33.684822',
        '2023-05-07 23:05:33.684822',
        '吉澤 明子',
        'akiko_yoshizawa_82524483@hotmaill.com',
        'password'
    ),
(
        4,
        '2023-05-07 23:05:33.684822',
        '2023-05-07 23:05:33.684822',
        '太田 浩司',
        'ota_112_08136515@gmail.com',
        'password'
    ),
(
        5,
        '2023-05-07 23:05:33.684822',
        '2023-05-07 23:05:33.684822',
        '佐伯 倫子',
        'norikosaeki_77690708@yahoo.co.jp',
        'password'
    ),
(
        6,
        '2023-05-07 23:05:33.684822',
        '2023-05-07 23:05:33.684822',
        '小林 謙介',
        'kobayashi87_24762980@yahoo.co.jp',
        'password'
    ),
(
        7,
        '2023-05-07 23:05:33.684822',
        '2023-05-07 23:05:33.684822',
        '石原 一平',
        'ippeiishihara_75124154@hotmaill.com',
        'password'
    ),
(
        8,
        '2023-05-07 23:05:33.684822',
        '2023-05-07 23:05:33.684822',
        '奥山 真吾',
        'shingookuyama_84742174@yahoo.co.jp',
        'password'
    ),
(
        9,
        '2023-05-07 23:05:33.684822',
        '2023-05-07 23:05:33.684822',
        '南 浩美',
        'minami_818_70107319@yahoo.co.jp',
        'password'
    ),
(
        10,
        '2023-05-07 23:05:33.684822',
        '2023-05-07 23:05:33.684822',
        '板橋 浩',
        'itabashi116_17722309@hotmaill.com',
        'password'
    ),
(
        11,
        '2023-05-07 23:05:33.684822',
        '2023-05-07 23:05:33.684822',
        '中村 哲平',
        'teppei_nakamura_95054648@yahoo.co.jp',
        'password'
    ),
(
        12,
        '2023-05-07 23:05:33.684822',
        '2023-05-07 23:05:33.684822',
        '武田 雄大',
        'takehirotakeda_68361668@yahoo.co.jp',
        'password'
    ),
(
        13,
        '2023-05-07 23:05:33.684822',
        '2023-05-07 23:05:33.684822',
        '茂木 友香',
        'mogiyuka_31110529@hotmaill.com',
        'password'
    ),
(
        14,
        '2023-05-07 23:05:33.684822',
        '2023-05-07 23:05:33.684822',
        '二宮 武司',
        'ninomiyatakeshi_72510260@gmail.com',
        'password'
    ),
(
        15,
        '2023-05-07 23:05:33.684822',
        '2023-05-07 23:05:33.684822',
        '菅原 弘美',
        'hiromi_sugawara_69426000@hotmaill.com',
        'password'
    ),
(
        16,
        '2023-05-07 23:05:33.684822',
        '2023-05-07 23:05:33.684822',
        '松本 仁',
        'matsumoto_18_60746213@gmail.com',
        'password'
    ),
(
        17,
        '2023-05-07 23:05:33.684822',
        '2023-05-07 23:05:33.684822',
        '樋口 奈津子',
        'natsukohiguchi_35186911@yahoo.co.jp',
        'password'
    ),
(
        18,
        '2023-05-07 23:05:33.684822',
        '2023-05-07 23:05:33.684822',
        '倉重 俊輔',
        'shunsuke_kurashige_29776542@hotmaill.com',
        'password'
    ),
(
        19,
        '2023-05-07 23:05:33.684822',
        '2023-05-07 23:05:33.684822',
        '和田 信一',
        'wada_417_32411914@yahoo.co.jp',
        'password'
    ),
(
        20,
        '2023-05-07 23:05:33.684822',
        '2023-05-07 23:05:33.684822',
        '坂口 拓馬',
        'takumasakaguchi_34637777@gmail.com',
        'password'
    ),
(
        21,
        '2023-05-07 23:05:33.684822',
        '2023-05-07 23:05:33.684822',
        '森田 志保',
        'moritashiho_80799776@hotmaill.com',
        'password'
    ),
(
        22,
        '2023-05-07 23:05:33.684822',
        '2023-05-07 23:05:33.684822',
        '松崎 綾子',
        'ayakomatsuzaki_80813995@hotmaill.com',
        'password'
    ),
(
        23,
        '2023-05-07 23:05:33.684822',
        '2023-05-07 23:05:33.684822',
        '児玉 慎一',
        'shinichi_kodama_60978058@hotmaill.com',
        'password'
    ),
(
        24,
        '2023-05-07 23:05:33.684822',
        '2023-05-07 23:05:33.684822',
        '吉村 和貴',
        'yoshimurakazuki_22590944@hotmaill.com',
        'password'
    ),
(
        25,
        '2023-05-07 23:05:33.684822',
        '2023-05-07 23:05:33.684822',
        '岡田 英敏',
        'okada1030_40507235@yahoo.co.jp',
        'password'
    ),
(
        26,
        '2023-05-07 23:05:33.684822',
        '2023-05-07 23:05:33.684822',
        '渡辺 夏実',
        'natsumi_watanabe_72155184@gmail.com',
        'password'
    ),
(
        27,
        '2023-05-07 23:05:33.684822',
        '2023-05-07 23:05:33.684822',
        '杉本 萌',
        'sugimoto72_72187793@yahoo.co.jp',
        'password'
    ),
(
        28,
        '2023-05-07 23:05:33.684822',
        '2023-05-07 23:05:33.684822',
        '林 千明',
        'hayashi_chiaki_16898246@yahoo.co.jp',
        'password'
    ),
(
        29,
        '2023-05-07 23:05:33.684822',
        '2023-05-07 23:05:33.684822',
        '瓜生 亮太',
        'uryuuryouta_49732022@yahoo.co.jp',
        'password'
    ),
(
        30,
        '2023-05-07 23:05:33.684822',
        '2023-05-07 23:05:33.684822',
        '大橋 雅弘',
        'ohashi_425_22639159@yahoo.co.jp',
        'password'
    ),
(
        31,
        '2023-05-07 23:05:33.684822',
        '2023-05-07 23:05:33.684822',
        '植田 知之',
        'ueda_tomoyuki_21415908@yahoo.co.jp',
        'password'
    ),
(
        32,
        '2023-05-07 23:05:33.684822',
        '2023-05-07 23:05:33.684822',
        '川嶋 健司',
        'kawashimakenji_23872089@hotmaill.com',
        'password'
    ),
(
        33,
        '2023-05-07 23:05:33.684822',
        '2023-05-07 23:05:33.684822',
        '林 琢磨',
        'takumahayashi_54228954@yahoo.co.jp',
        'password'
    ),
(
        34,
        '2023-05-07 23:05:33.684822',
        '2023-05-07 23:05:33.684822',
        '宮野 誠',
        'miyanomakoto_26109092@hotmaill.com',
        'password'
    ),
(
        35,
        '2023-05-07 23:05:33.684822',
        '2023-05-07 23:05:33.684822',
        '若松 英一郎',
        'eiichirou_wakamatsu_96483850@gmail.com',
        'password'
    ),
(
        36,
        '2023-05-07 23:05:33.684822',
        '2023-05-07 23:05:33.684822',
        '都筑 脩平',
        'tsuzuki_26_87804859@hotmaill.com',
        'password'
    ),
(
        37,
        '2023-05-07 23:05:33.684822',
        '2023-05-07 23:05:33.684822',
        '加藤 和人',
        'kato_115_31860055@gmail.com',
        'password'
    ),
(
        38,
        '2023-05-07 23:05:33.684822',
        '2023-05-07 23:05:33.684822',
        '井上 恵',
        'megumi_inoue_28428883@gmail.com',
        'password'
    ),
(
        39,
        '2023-05-07 23:05:33.684822',
        '2023-05-07 23:05:33.684822',
        '佐藤 寛子',
        'hirokosato_68529527@yahoo.co.jp',
        'password'
    ),
(
        40,
        '2023-05-07 23:05:33.684822',
        '2023-05-07 23:05:33.684822',
        '中野 一樹',
        'nakano_123_39006870@gmail.com',
        'password'
    ),
(
        41,
        '2023-05-07 23:05:33.684822',
        '2023-05-07 23:05:33.684822',
        '中村 智寛',
        'nakamuratomohiro_98624865@hotmaill.com',
        'password'
    ),
(
        42,
        '2023-05-07 23:05:33.684822',
        '2023-05-07 23:05:33.684822',
        '矢野 俊明',
        'yano_toshiaki_48476125@hotmaill.com',
        'password'
    ),
(
        43,
        '2023-05-07 23:05:33.684822',
        '2023-05-07 23:05:33.684822',
        '荻野 優子',
        'ogino_1220_14193705@hotmaill.com',
        'password'
    ),
(
        44,
        '2023-05-07 23:05:33.684822',
        '2023-05-07 23:05:33.684822',
        '上杉 浩伸',
        'uesugi_hironobu_27961074@hotmaill.com',
        'password'
    ),
(
        45,
        '2023-05-07 23:05:33.684822',
        '2023-05-07 23:05:33.684822',
        '若林 和美',
        'kazumiwakabayashi_36661073@gmail.com',
        'password'
    ),
(
        46,
        '2023-05-07 23:05:33.684822',
        '2023-05-07 23:05:33.684822',
        '松永 健太',
        'matsunagakenta_02716019@yahoo.co.jp',
        'password'
    ),
(
        47,
        '2023-05-07 23:05:33.684822',
        '2023-05-07 23:05:33.684822',
        '齋藤 彩',
        'saitoaya_07966174@hotmaill.com',
        'password'
    ),
(
        48,
        '2023-05-07 23:05:33.684822',
        '2023-05-07 23:05:33.684822',
        '藤澤 直之',
        'fujisawa_tadayuki_77604802@yahoo.co.jp',
        'password'
    ),
(
        49,
        '2023-05-07 23:05:33.684822',
        '2023-05-07 23:05:33.684822',
        '荒井 優',
        'arai_1226_57042552@hotmaill.com',
        'password'
    ),
(
        50,
        '2023-05-07 23:05:33.684822',
        '2023-05-07 23:05:33.684822',
        '山口 敦子',
        'yamaguchi_923_81373402@hotmaill.com',
        'password'
    );

/*!40000 ALTER TABLE `users` ENABLE KEYS */
;

UNLOCK TABLES;

/*!40103 SET TIME_ZONE=@OLD_TIME_ZONE */
;

/*!40101 SET SQL_MODE=@OLD_SQL_MODE */
;

/*!40014 SET FOREIGN_KEY_CHECKS=@OLD_FOREIGN_KEY_CHECKS */
;

/*!40014 SET UNIQUE_CHECKS=@OLD_UNIQUE_CHECKS */
;

/*!40101 SET CHARACTER_SET_CLIENT=@OLD_CHARACTER_SET_CLIENT */
;

/*!40101 SET CHARACTER_SET_RESULTS=@OLD_CHARACTER_SET_RESULTS */
;

/*!40101 SET COLLATION_CONNECTION=@OLD_COLLATION_CONNECTION */
;

/*!40111 SET SQL_NOTES=@OLD_SQL_NOTES */
;

-- Dump completed on 2023-05-08 20:34:12
