-- MySQL dump 10.13  Distrib 5.7.42, for Linux (x86_64)
--
-- Host: localhost    Database: accounts_book
-- ------------------------------------------------------
-- Server version	5.7.42-log

/*!40101 SET @OLD_CHARACTER_SET_CLIENT=@@CHARACTER_SET_CLIENT */;
/*!40101 SET @OLD_CHARACTER_SET_RESULTS=@@CHARACTER_SET_RESULTS */;
/*!40101 SET @OLD_COLLATION_CONNECTION=@@COLLATION_CONNECTION */;
/*!40101 SET NAMES utf8mb4 */;
/*!40103 SET @OLD_TIME_ZONE=@@TIME_ZONE */;
/*!40103 SET TIME_ZONE='+00:00' */;
/*!40014 SET @OLD_UNIQUE_CHECKS=@@UNIQUE_CHECKS, UNIQUE_CHECKS=0 */;
/*!40014 SET @OLD_FOREIGN_KEY_CHECKS=@@FOREIGN_KEY_CHECKS, FOREIGN_KEY_CHECKS=0 */;
/*!40101 SET @OLD_SQL_MODE=@@SQL_MODE, SQL_MODE='NO_AUTO_VALUE_ON_ZERO' */;
/*!40111 SET @OLD_SQL_NOTES=@@SQL_NOTES, SQL_NOTES=0 */;

--
-- Table structure for table `budgets`
--

DROP TABLE IF EXISTS `budgets`;
/*!40101 SET @saved_cs_client     = @@character_set_client */;
/*!40101 SET character_set_client = utf8 */;
CREATE TABLE `budgets` (
  `id` int(11) NOT NULL AUTO_INCREMENT,
  `created_at` datetime(6) NOT NULL DEFAULT CURRENT_TIMESTAMP(6),
  `updated_at` datetime(6) NOT NULL DEFAULT CURRENT_TIMESTAMP(6) ON UPDATE CURRENT_TIMESTAMP(6),
  `user_id` int(11) NOT NULL,
  `period_id` int(11) NOT NULL,
  `amount` int(11) NOT NULL,
  `deleted_at` datetime(6) DEFAULT NULL,
  PRIMARY KEY (`id`),
  UNIQUE KEY `IDX_df14db99bbd3b8e376b6224aee` (`user_id`,`period_id`),
  KEY `FK_13cac50fe579ec6d6db68f60e73` (`period_id`),
  CONSTRAINT `FK_13cac50fe579ec6d6db68f60e73` FOREIGN KEY (`period_id`) REFERENCES `periods` (`id`) ON DELETE NO ACTION ON UPDATE NO ACTION,
  CONSTRAINT `FK_5d25d8bbd6c209261dfe04558f1` FOREIGN KEY (`user_id`) REFERENCES `users` (`id`) ON DELETE NO ACTION ON UPDATE NO ACTION
) ENGINE=InnoDB AUTO_INCREMENT=10 DEFAULT CHARSET=utf8mb4;
/*!40101 SET character_set_client = @saved_cs_client */;

--
-- Dumping data for table `budgets`
--

LOCK TABLES `budgets` WRITE;
/*!40000 ALTER TABLE `budgets` DISABLE KEYS */;
INSERT INTO `budgets` VALUES (1,'2023-05-16 22:52:27.491793','2023-05-16 22:52:27.491793',1,1,1000,NULL),(2,'2023-05-16 22:52:27.491793','2023-05-16 22:52:27.491793',1,2,10000,NULL),(3,'2023-05-16 22:52:27.491793','2023-05-16 22:52:27.491793',1,3,150000,NULL),(4,'2023-05-16 22:52:27.491793','2023-05-16 22:52:27.491793',1,4,400000,NULL),(5,'2023-05-16 22:52:27.491793','2023-05-16 22:52:27.491793',1,5,2000000,NULL),(6,'2023-05-16 22:52:27.491793','2023-05-16 22:52:27.491793',1,6,3500000,NULL),(7,'2023-05-16 22:52:27.491793','2023-05-16 22:52:27.491793',2,1,1200,NULL),(8,'2023-05-16 22:52:27.491793','2023-05-16 22:52:27.491793',2,2,10000,NULL),(9,'2023-05-16 22:52:27.491793','2023-05-16 22:52:27.491793',2,3,130000,NULL);
/*!40000 ALTER TABLE `budgets` ENABLE KEYS */;
UNLOCK TABLES;

--
-- Table structure for table `categories`
--

DROP TABLE IF EXISTS `categories`;
/*!40101 SET @saved_cs_client     = @@character_set_client */;
/*!40101 SET character_set_client = utf8 */;
CREATE TABLE `categories` (
  `id` int(11) NOT NULL AUTO_INCREMENT,
  `created_at` datetime(6) NOT NULL DEFAULT CURRENT_TIMESTAMP(6),
  `updated_at` datetime(6) NOT NULL DEFAULT CURRENT_TIMESTAMP(6) ON UPDATE CURRENT_TIMESTAMP(6),
  `deleted_at` datetime(6) DEFAULT NULL,
  `name` varchar(255) NOT NULL,
  `parent_category_id` int(11) DEFAULT NULL,
  PRIMARY KEY (`id`),
  KEY `FK_de08738901be6b34d2824a1e243` (`parent_category_id`),
  CONSTRAINT `FK_de08738901be6b34d2824a1e243` FOREIGN KEY (`parent_category_id`) REFERENCES `parent_categories` (`id`) ON DELETE NO ACTION ON UPDATE NO ACTION
) ENGINE=InnoDB AUTO_INCREMENT=101 DEFAULT CHARSET=utf8mb4;
/*!40101 SET character_set_client = @saved_cs_client */;

--
-- Dumping data for table `categories`
--

LOCK TABLES `categories` WRITE;
/*!40000 ALTER TABLE `categories` DISABLE KEYS */;
INSERT INTO `categories` VALUES (1,'2023-05-16 22:52:16.894178','2023-05-16 22:52:16.894178',NULL,'食費',1),(2,'2023-05-16 22:52:16.894178','2023-05-16 22:52:16.894178',NULL,'食料品',1),(3,'2023-05-16 22:52:16.894178','2023-05-16 22:52:16.894178',NULL,'外食',1),(4,'2023-05-16 22:52:16.894178','2023-05-16 22:52:16.894178',NULL,'朝ご飯',1),(5,'2023-05-16 22:52:16.894178','2023-05-16 22:52:16.894178',NULL,'昼ご飯',1),(6,'2023-05-16 22:52:16.894178','2023-05-16 22:52:16.894178',NULL,'夜ご飯',1),(7,'2023-05-16 22:52:16.894178','2023-05-16 22:52:16.894178',NULL,'カフェ',1),(8,'2023-05-16 22:52:16.894178','2023-05-16 22:52:16.894178',NULL,'その他食費',1),(9,'2023-05-16 22:52:16.894178','2023-05-16 22:52:16.894178',NULL,'日用品',2),(10,'2023-05-16 22:52:16.894178','2023-05-16 22:52:16.894178',NULL,'子育て用品',2),(11,'2023-05-16 22:52:16.894178','2023-05-16 22:52:16.894178',NULL,'ドラッグストア',2),(12,'2023-05-16 22:52:16.894178','2023-05-16 22:52:16.894178',NULL,'おこづかい',2),(13,'2023-05-16 22:52:16.894178','2023-05-16 22:52:16.894178',NULL,'ペット用品',2),(14,'2023-05-16 22:52:16.894178','2023-05-16 22:52:16.894178',NULL,'タバコ',2),(15,'2023-05-16 22:52:16.894178','2023-05-16 22:52:16.894178',NULL,'その他日用品',2),(16,'2023-05-16 22:52:16.894178','2023-05-16 22:52:16.894178',NULL,'漫画',3),(17,'2023-05-16 22:52:16.894178','2023-05-16 22:52:16.894178',NULL,'アウトドア',3),(18,'2023-05-16 22:52:16.894178','2023-05-16 22:52:16.894178',NULL,'ゴルフ',3),(19,'2023-05-16 22:52:16.894178','2023-05-16 22:52:16.894178',NULL,'スポーツ',3),(20,'2023-05-16 22:52:16.894178','2023-05-16 22:52:16.894178',NULL,'映画・音楽・ゲーム',3),(21,'2023-05-16 22:52:16.894178','2023-05-16 22:52:16.894178',NULL,'本',3),(22,'2023-05-16 22:52:16.894178','2023-05-16 22:52:16.894178',NULL,'旅行',3),(23,'2023-05-16 22:52:16.894178','2023-05-16 22:52:16.894178',NULL,'秘密の趣味',3),(24,'2023-05-16 22:52:16.894178','2023-05-16 22:52:16.894178',NULL,'その他趣味・娯楽',3),(25,'2023-05-16 22:52:16.894178','2023-05-16 22:52:16.894178',NULL,'交際費',4),(26,'2023-05-16 22:52:16.894178','2023-05-16 22:52:16.894178',NULL,'飲み会',4),(27,'2023-05-16 22:52:16.894178','2023-05-16 22:52:16.894178',NULL,'プレゼント代',4),(28,'2023-05-16 22:52:16.894178','2023-05-16 22:52:16.894178',NULL,'冠婚葬祭',4),(29,'2023-05-16 22:52:16.894178','2023-05-16 22:52:16.894178',NULL,'その他交際費',4),(30,'2023-05-16 22:52:16.894178','2023-05-16 22:52:16.894178',NULL,'交通費',5),(31,'2023-05-16 22:52:16.894178','2023-05-16 22:52:16.894178',NULL,'電車',5),(32,'2023-05-16 22:52:16.894178','2023-05-16 22:52:16.894178',NULL,'バス',5),(33,'2023-05-16 22:52:16.894178','2023-05-16 22:52:16.894178',NULL,'タクシー',5),(34,'2023-05-16 22:52:16.894178','2023-05-16 22:52:16.894178',NULL,'飛行機',5),(35,'2023-05-16 22:52:16.894178','2023-05-16 22:52:16.894178',NULL,'その他交通費',5),(36,'2023-05-16 22:52:16.894178','2023-05-16 22:52:16.894178',NULL,'衣服',6),(37,'2023-05-16 22:52:16.894178','2023-05-16 22:52:16.894178',NULL,'クリーニング',6),(38,'2023-05-16 22:52:16.894178','2023-05-16 22:52:16.894178',NULL,'美容院・理髪',6),(39,'2023-05-16 22:52:16.894178','2023-05-16 22:52:16.894178',NULL,'化粧品',6),(40,'2023-05-16 22:52:16.894178','2023-05-16 22:52:16.894178',NULL,'アクセサリー',6),(41,'2023-05-16 22:52:16.894178','2023-05-16 22:52:16.894178',NULL,'その他衣服・美容',6),(42,'2023-05-16 22:52:16.894178','2023-05-16 22:52:16.894178',NULL,'フィットネス',7),(43,'2023-05-16 22:52:16.894178','2023-05-16 22:52:16.894178',NULL,'ボディケア',7),(44,'2023-05-16 22:52:16.894178','2023-05-16 22:52:16.894178',NULL,'医療費',7),(45,'2023-05-16 22:52:16.894178','2023-05-16 22:52:16.894178',NULL,'薬',7),(46,'2023-05-16 22:52:16.894178','2023-05-16 22:52:16.894178',NULL,'その他健康・医療',7),(47,'2023-05-16 22:52:16.894178','2023-05-16 22:52:16.894178',NULL,'自動車ローン',8),(48,'2023-05-16 22:52:16.894178','2023-05-16 22:52:16.894178',NULL,'道路料金',8),(49,'2023-05-16 22:52:16.894178','2023-05-16 22:52:16.894178',NULL,'ガソリン',8),(50,'2023-05-16 22:52:16.894178','2023-05-16 22:52:16.894178',NULL,'駐車場',8),(51,'2023-05-16 22:52:16.894178','2023-05-16 22:52:16.894178',NULL,'車両',8),(52,'2023-05-16 22:52:16.894178','2023-05-16 22:52:16.894178',NULL,'車検・整備',8),(53,'2023-05-16 22:52:16.894178','2023-05-16 22:52:16.894178',NULL,'自動車保険',8),(54,'2023-05-16 22:52:16.894178','2023-05-16 22:52:16.894178',NULL,'その他自動車',8),(55,'2023-05-16 22:52:16.894178','2023-05-16 22:52:16.894178',NULL,'書籍',9),(56,'2023-05-16 22:52:16.894178','2023-05-16 22:52:16.894178',NULL,'新聞・雑誌',9),(57,'2023-05-16 22:52:16.894178','2023-05-16 22:52:16.894178',NULL,'習いごと',9),(58,'2023-05-16 22:52:16.894178','2023-05-16 22:52:16.894178',NULL,'学費',9),(59,'2023-05-16 22:52:16.894178','2023-05-16 22:52:16.894178',NULL,'塾',9),(60,'2023-05-16 22:52:16.894178','2023-05-16 22:52:16.894178',NULL,'その他教養・教育',9),(61,'2023-05-16 22:52:16.894178','2023-05-16 22:52:16.894178',NULL,'家具・家電',10),(62,'2023-05-16 22:52:16.894178','2023-05-16 22:52:16.894178',NULL,'住宅・リフォーム',10),(63,'2023-05-16 22:52:16.894178','2023-05-16 22:52:16.894178',NULL,'その他特別な支出',10),(64,'2023-05-16 22:52:16.894178','2023-05-16 22:52:16.894178',NULL,'ATM引き出し',11),(65,'2023-05-16 22:52:16.894178','2023-05-16 22:52:16.894178',NULL,'カード引き落とし',11),(66,'2023-05-16 22:52:16.894178','2023-05-16 22:52:16.894178',NULL,'電子マネー',11),(67,'2023-05-16 22:52:16.894178','2023-05-16 22:52:16.894178',NULL,'使途不明金',11),(68,'2023-05-16 22:52:16.894178','2023-05-16 22:52:16.894178',NULL,'その他現金・カード',11),(69,'2023-05-16 22:52:16.894178','2023-05-16 22:52:16.894178',NULL,'光熱費',12),(70,'2023-05-16 22:52:16.894178','2023-05-16 22:52:16.894178',NULL,'電気代',12),(71,'2023-05-16 22:52:16.894178','2023-05-16 22:52:16.894178',NULL,'ガス・灯油代',12),(72,'2023-05-16 22:52:16.894178','2023-05-16 22:52:16.894178',NULL,'水道代',12),(73,'2023-05-16 22:52:16.894178','2023-05-16 22:52:16.894178',NULL,'その他水道・光熱費',12),(74,'2023-05-16 22:52:16.894178','2023-05-16 22:52:16.894178',NULL,'携帯電話',13),(75,'2023-05-16 22:52:16.894178','2023-05-16 22:52:16.894178',NULL,'固定電話',13),(76,'2023-05-16 22:52:16.894178','2023-05-16 22:52:16.894178',NULL,'インターネット',13),(77,'2023-05-16 22:52:16.894178','2023-05-16 22:52:16.894178',NULL,'放送視聴料',13),(78,'2023-05-16 22:52:16.894178','2023-05-16 22:52:16.894178',NULL,'情報サービス',13),(79,'2023-05-16 22:52:16.894178','2023-05-16 22:52:16.894178',NULL,'宅配便・運送',13),(80,'2023-05-16 22:52:16.894178','2023-05-16 22:52:16.894178',NULL,'その他通信費',13),(81,'2023-05-16 22:52:16.894178','2023-05-16 22:52:16.894178',NULL,'住宅',14),(82,'2023-05-16 22:52:16.894178','2023-05-16 22:52:16.894178',NULL,'家賃・地代',14),(83,'2023-05-16 22:52:16.894178','2023-05-16 22:52:16.894178',NULL,'ローン返済',14),(84,'2023-05-16 22:52:16.894178','2023-05-16 22:52:16.894178',NULL,'管理費・積立金',14),(85,'2023-05-16 22:52:16.894178','2023-05-16 22:52:16.894178',NULL,'地震・火災保険',14),(86,'2023-05-16 22:52:16.894178','2023-05-16 22:52:16.894178',NULL,'その他住宅',14),(87,'2023-05-16 22:52:16.894178','2023-05-16 22:52:16.894178',NULL,'所得税・住民税',15),(88,'2023-05-16 22:52:16.894178','2023-05-16 22:52:16.894178',NULL,'年金保険料',15),(89,'2023-05-16 22:52:16.894178','2023-05-16 22:52:16.894178',NULL,'健康保険',15),(90,'2023-05-16 22:52:16.894178','2023-05-16 22:52:16.894178',NULL,'その他税・社会保障',15),(91,'2023-05-16 22:52:16.894178','2023-05-16 22:52:16.894178',NULL,'生命保険',16),(92,'2023-05-16 22:52:16.894178','2023-05-16 22:52:16.894178',NULL,'医療保険',16),(93,'2023-05-16 22:52:16.894178','2023-05-16 22:52:16.894178',NULL,'その他保険',16),(94,'2023-05-16 22:52:16.894178','2023-05-16 22:52:16.894178',NULL,'仕送り',17),(95,'2023-05-16 22:52:16.894178','2023-05-16 22:52:16.894178',NULL,'事業経費',17),(96,'2023-05-16 22:52:16.894178','2023-05-16 22:52:16.894178',NULL,'事業原価',17),(97,'2023-05-16 22:52:16.894178','2023-05-16 22:52:16.894178',NULL,'事業投資',17),(98,'2023-05-16 22:52:16.894178','2023-05-16 22:52:16.894178',NULL,'寄付金',17),(99,'2023-05-16 22:52:16.894178','2023-05-16 22:52:16.894178',NULL,'雑費',17),(100,'2023-05-16 22:52:16.894178','2023-05-16 22:52:16.894178',NULL,'未分類',18);
/*!40000 ALTER TABLE `categories` ENABLE KEYS */;
UNLOCK TABLES;

--
-- Table structure for table `examples`
--

DROP TABLE IF EXISTS `examples`;
/*!40101 SET @saved_cs_client     = @@character_set_client */;
/*!40101 SET character_set_client = utf8 */;
CREATE TABLE `examples` (
  `id` int(11) NOT NULL AUTO_INCREMENT,
  `created_at` datetime(6) NOT NULL DEFAULT CURRENT_TIMESTAMP(6),
  `updated_at` datetime(6) NOT NULL DEFAULT CURRENT_TIMESTAMP(6) ON UPDATE CURRENT_TIMESTAMP(6),
  `deleted_at` datetime(6) DEFAULT NULL,
  `description` varchar(100) NOT NULL,
  PRIMARY KEY (`id`)
) ENGINE=InnoDB AUTO_INCREMENT=7 DEFAULT CHARSET=utf8mb4;
/*!40101 SET character_set_client = @saved_cs_client */;

--
-- Dumping data for table `examples`
--

LOCK TABLES `examples` WRITE;
/*!40000 ALTER TABLE `examples` DISABLE KEYS */;
INSERT INTO `examples` VALUES (1,'2023-05-16 22:53:39.091326','2023-05-16 22:53:39.091326',NULL,'hoge'),(2,'2023-05-16 22:53:39.091326','2023-05-16 22:53:39.091326',NULL,'fuga'),(3,'2023-05-16 22:53:39.091326','2023-05-16 22:53:39.091326',NULL,'piyo'),(4,'2023-05-16 22:53:39.091326','2023-05-16 22:53:39.091326',NULL,'foo'),(5,'2023-05-16 22:53:39.091326','2023-05-16 22:53:39.091326',NULL,'bar'),(6,'2023-05-16 22:53:39.091326','2023-05-16 22:53:39.091326',NULL,'baz');
/*!40000 ALTER TABLE `examples` ENABLE KEYS */;
UNLOCK TABLES;

--
-- Table structure for table `parent_categories`
--

DROP TABLE IF EXISTS `parent_categories`;
/*!40101 SET @saved_cs_client     = @@character_set_client */;
/*!40101 SET character_set_client = utf8 */;
CREATE TABLE `parent_categories` (
  `id` int(11) NOT NULL AUTO_INCREMENT,
  `created_at` datetime(6) NOT NULL DEFAULT CURRENT_TIMESTAMP(6),
  `updated_at` datetime(6) NOT NULL DEFAULT CURRENT_TIMESTAMP(6) ON UPDATE CURRENT_TIMESTAMP(6),
  `deleted_at` datetime(6) DEFAULT NULL,
  `name` varchar(255) NOT NULL,
  PRIMARY KEY (`id`)
) ENGINE=InnoDB AUTO_INCREMENT=19 DEFAULT CHARSET=utf8mb4;
/*!40101 SET character_set_client = @saved_cs_client */;

--
-- Dumping data for table `parent_categories`
--

LOCK TABLES `parent_categories` WRITE;
/*!40000 ALTER TABLE `parent_categories` DISABLE KEYS */;
INSERT INTO `parent_categories` VALUES (1,'2023-05-16 22:52:01.746459','2023-05-16 22:52:01.746459',NULL,'食費'),(2,'2023-05-16 22:52:01.746459','2023-05-16 22:52:01.746459',NULL,'日用品'),(3,'2023-05-16 22:52:01.746459','2023-05-16 22:52:01.746459',NULL,'趣味・娯楽'),(4,'2023-05-16 22:52:01.746459','2023-05-16 22:52:01.746459',NULL,'交際費'),(5,'2023-05-16 22:52:01.746459','2023-05-16 22:52:01.746459',NULL,'交通費'),(6,'2023-05-16 22:52:01.746459','2023-05-16 22:52:01.746459',NULL,'衣服・美容'),(7,'2023-05-16 22:52:01.746459','2023-05-16 22:52:01.746459',NULL,'健康・医療'),(8,'2023-05-16 22:52:01.746459','2023-05-16 22:52:01.746459',NULL,'自動車'),(9,'2023-05-16 22:52:01.746459','2023-05-16 22:52:01.746459',NULL,'教養・教育'),(10,'2023-05-16 22:52:01.746459','2023-05-16 22:52:01.746459',NULL,'特別な支出'),(11,'2023-05-16 22:52:01.746459','2023-05-16 22:52:01.746459',NULL,'現金・カード'),(12,'2023-05-16 22:52:01.746459','2023-05-16 22:52:01.746459',NULL,'水道・光熱費'),(13,'2023-05-16 22:52:01.746459','2023-05-16 22:52:01.746459',NULL,'通信費'),(14,'2023-05-16 22:52:01.746459','2023-05-16 22:52:01.746459',NULL,'住宅'),(15,'2023-05-16 22:52:01.746459','2023-05-16 22:52:01.746459',NULL,'税・社会保障'),(16,'2023-05-16 22:52:01.746459','2023-05-16 22:52:01.746459',NULL,'保険'),(17,'2023-05-16 22:52:01.746459','2023-05-16 22:52:01.746459',NULL,'その他'),(18,'2023-05-16 22:52:01.746459','2023-05-16 22:52:01.746459',NULL,'未分類');
/*!40000 ALTER TABLE `parent_categories` ENABLE KEYS */;
UNLOCK TABLES;

--
-- Table structure for table `periods`
--

DROP TABLE IF EXISTS `periods`;
/*!40101 SET @saved_cs_client     = @@character_set_client */;
/*!40101 SET character_set_client = utf8 */;
CREATE TABLE `periods` (
  `id` int(11) NOT NULL AUTO_INCREMENT,
  `created_at` datetime(6) NOT NULL DEFAULT CURRENT_TIMESTAMP(6),
  `updated_at` datetime(6) NOT NULL DEFAULT CURRENT_TIMESTAMP(6) ON UPDATE CURRENT_TIMESTAMP(6),
  `deleted_at` datetime(6) DEFAULT NULL,
  `period` varchar(255) NOT NULL,
  `period_en` varchar(255) NOT NULL,
  PRIMARY KEY (`id`)
) ENGINE=InnoDB AUTO_INCREMENT=7 DEFAULT CHARSET=utf8mb4;
/*!40101 SET character_set_client = @saved_cs_client */;

--
-- Dumping data for table `periods`
--

LOCK TABLES `periods` WRITE;
/*!40000 ALTER TABLE `periods` DISABLE KEYS */;
INSERT INTO `periods` VALUES (1,'2023-05-16 22:51:50.676219','2023-05-16 22:51:50.676219',NULL,'1日','1_day'),(2,'2023-05-16 22:51:50.676219','2023-05-16 22:51:50.676219',NULL,'1週','1_week'),(3,'2023-05-16 22:51:50.676219','2023-05-16 22:51:50.676219',NULL,'1ヶ月','1_month'),(4,'2023-05-16 22:51:50.676219','2023-05-16 22:51:50.676219',NULL,'3ヶ月','3_months'),(5,'2023-05-16 22:51:50.676219','2023-05-16 22:51:50.676219',NULL,'半年','half_a_year'),(6,'2023-05-16 22:51:50.676219','2023-05-16 22:51:50.676219',NULL,'1年','1_year');
/*!40000 ALTER TABLE `periods` ENABLE KEYS */;
UNLOCK TABLES;

--
-- Table structure for table `spendings`
--

DROP TABLE IF EXISTS `spendings`;
/*!40101 SET @saved_cs_client     = @@character_set_client */;
/*!40101 SET character_set_client = utf8 */;
CREATE TABLE `spendings` (
  `id` int(11) NOT NULL AUTO_INCREMENT,
  `created_at` datetime(6) NOT NULL DEFAULT CURRENT_TIMESTAMP(6),
  `updated_at` datetime(6) NOT NULL DEFAULT CURRENT_TIMESTAMP(6) ON UPDATE CURRENT_TIMESTAMP(6),
  `date` date NOT NULL,
  `price` int(10) unsigned NOT NULL,
  `comment` varchar(255) DEFAULT NULL,
  `user_id` int(11) DEFAULT NULL,
  `category_id` int(11) DEFAULT NULL,
  `deleted_at` datetime(6) DEFAULT NULL,
  PRIMARY KEY (`id`),
  KEY `FK_aab87bb4d21bb81a2af9ad60cc6` (`user_id`),
  KEY `FK_c5b55594740604fdf004981e25b` (`category_id`),
  CONSTRAINT `FK_aab87bb4d21bb81a2af9ad60cc6` FOREIGN KEY (`user_id`) REFERENCES `users` (`id`) ON DELETE NO ACTION ON UPDATE NO ACTION,
  CONSTRAINT `FK_c5b55594740604fdf004981e25b` FOREIGN KEY (`category_id`) REFERENCES `categories` (`id`) ON DELETE NO ACTION ON UPDATE NO ACTION
) ENGINE=InnoDB AUTO_INCREMENT=501 DEFAULT CHARSET=utf8mb4;
/*!40101 SET character_set_client = @saved_cs_client */;

--
-- Dumping data for table `spendings`
--

LOCK TABLES `spendings` WRITE;
/*!40000 ALTER TABLE `spendings` DISABLE KEYS */;
INSERT INTO `spendings` VALUES (1,'2023-05-16 22:52:33.048092','2023-05-16 22:52:33.048092','2023-04-22',403,NULL,1,34,NULL),(2,'2023-05-16 22:52:33.048092','2023-05-16 22:52:33.048092','2023-04-16',1616,NULL,1,72,NULL),(3,'2023-05-16 22:52:33.048092','2023-05-16 22:52:33.048092','2023-04-28',1975,NULL,1,40,NULL),(4,'2023-05-16 22:52:33.048092','2023-05-16 22:52:33.048092','2023-05-08',577,NULL,1,25,NULL),(5,'2023-05-16 22:52:33.048092','2023-05-16 22:52:33.048092','2023-04-18',1168,NULL,1,3,NULL),(6,'2023-05-16 22:52:33.048092','2023-05-16 22:52:33.048092','2023-04-22',406,NULL,1,21,NULL),(7,'2023-05-16 22:52:33.048092','2023-05-16 22:52:33.048092','2023-04-14',1564,NULL,1,60,NULL),(8,'2023-05-16 22:52:33.048092','2023-05-16 22:52:33.048092','2023-05-10',678,NULL,1,63,NULL),(9,'2023-05-16 22:52:33.048092','2023-05-16 22:52:33.048092','2023-04-16',1194,NULL,1,70,NULL),(10,'2023-05-16 22:52:33.048092','2023-05-16 22:52:33.048092','2023-04-17',1968,NULL,1,65,NULL),(11,'2023-05-16 22:52:33.048092','2023-05-16 22:52:33.048092','2023-05-01',547,NULL,1,74,NULL),(12,'2023-05-16 22:52:33.048092','2023-05-16 22:52:33.048092','2023-05-09',1427,NULL,1,28,NULL),(13,'2023-05-16 22:52:33.048092','2023-05-16 22:52:33.048092','2023-04-21',891,NULL,1,26,NULL),(14,'2023-05-16 22:52:33.048092','2023-05-16 22:52:33.048092','2023-04-18',1975,NULL,1,15,NULL),(15,'2023-05-16 22:52:33.048092','2023-05-16 22:52:33.048092','2023-04-01',1603,NULL,1,40,NULL),(16,'2023-05-16 22:52:33.048092','2023-05-16 22:52:33.048092','2023-04-02',1664,NULL,1,42,NULL),(17,'2023-05-16 22:52:33.048092','2023-05-16 22:52:33.048092','2023-04-23',360,NULL,1,84,NULL),(18,'2023-05-16 22:52:33.048092','2023-05-16 22:52:33.048092','2023-04-04',559,NULL,1,60,NULL),(19,'2023-05-16 22:52:33.048092','2023-05-16 22:52:33.048092','2023-04-14',1318,NULL,1,46,NULL),(20,'2023-05-16 22:52:33.048092','2023-05-16 22:52:33.048092','2023-05-08',1151,NULL,1,97,NULL),(21,'2023-05-16 22:52:33.048092','2023-05-16 22:52:33.048092','2023-04-02',143,NULL,1,93,NULL),(22,'2023-05-16 22:52:33.048092','2023-05-16 22:52:33.048092','2023-04-12',1762,NULL,1,83,NULL),(23,'2023-05-16 22:52:33.048092','2023-05-16 22:52:33.048092','2023-04-25',1641,NULL,1,9,NULL),(24,'2023-05-16 22:52:33.048092','2023-05-16 22:52:33.048092','2023-05-04',677,NULL,1,55,NULL),(25,'2023-05-16 22:52:33.048092','2023-05-16 22:52:33.048092','2023-04-07',1478,NULL,1,30,NULL),(26,'2023-05-16 22:52:33.048092','2023-05-16 22:52:33.048092','2023-05-06',1001,NULL,1,65,NULL),(27,'2023-05-16 22:52:33.048092','2023-05-16 22:52:33.048092','2023-04-02',1818,NULL,1,99,NULL),(28,'2023-05-16 22:52:33.048092','2023-05-16 22:52:33.048092','2023-04-21',260,NULL,1,14,NULL),(29,'2023-05-16 22:52:33.048092','2023-05-16 22:52:33.048092','2023-04-20',1879,NULL,1,1,NULL),(30,'2023-05-16 22:52:33.048092','2023-05-16 22:52:33.048092','2023-05-10',364,NULL,1,93,NULL),(31,'2023-05-16 22:52:33.048092','2023-05-16 22:52:33.048092','2023-05-06',439,NULL,1,15,NULL),(32,'2023-05-16 22:52:33.048092','2023-05-16 22:52:33.048092','2023-04-23',1321,NULL,1,95,NULL),(33,'2023-05-16 22:52:33.048092','2023-05-16 22:52:33.048092','2023-04-14',351,NULL,1,77,NULL),(34,'2023-05-16 22:52:33.048092','2023-05-16 22:52:33.048092','2023-04-29',1376,NULL,1,8,NULL),(35,'2023-05-16 22:52:33.048092','2023-05-16 22:52:33.048092','2023-04-21',535,NULL,1,42,NULL),(36,'2023-05-16 22:52:33.048092','2023-05-16 22:52:33.048092','2023-05-05',1018,NULL,1,87,NULL),(37,'2023-05-16 22:52:33.048092','2023-05-16 22:52:33.048092','2023-04-23',1713,NULL,1,53,NULL),(38,'2023-05-16 22:52:33.048092','2023-05-16 22:52:33.048092','2023-04-12',908,NULL,1,58,NULL),(39,'2023-05-16 22:52:33.048092','2023-05-16 22:52:33.048092','2023-04-15',1889,NULL,1,20,NULL),(40,'2023-05-16 22:52:33.048092','2023-05-16 22:52:33.048092','2023-04-10',276,NULL,1,13,NULL),(41,'2023-05-16 22:52:33.048092','2023-05-16 22:52:33.048092','2023-05-01',150,NULL,1,49,NULL),(42,'2023-05-16 22:52:33.048092','2023-05-16 22:52:33.048092','2023-05-01',1443,NULL,1,26,NULL),(43,'2023-05-16 22:52:33.048092','2023-05-16 22:52:33.048092','2023-04-06',891,NULL,1,76,NULL),(44,'2023-05-16 22:52:33.048092','2023-05-16 22:52:33.048092','2023-04-16',449,NULL,1,58,NULL),(45,'2023-05-16 22:52:33.048092','2023-05-16 22:52:33.048092','2023-04-26',466,NULL,1,53,NULL),(46,'2023-05-16 22:52:33.048092','2023-05-16 22:52:33.048092','2023-04-25',914,NULL,1,93,NULL),(47,'2023-05-16 22:52:33.048092','2023-05-16 22:52:33.048092','2023-05-08',563,NULL,1,7,NULL),(48,'2023-05-16 22:52:33.048092','2023-05-16 22:52:33.048092','2023-04-06',392,NULL,1,76,NULL),(49,'2023-05-16 22:52:33.048092','2023-05-16 22:52:33.048092','2023-04-11',1306,NULL,1,72,NULL),(50,'2023-05-16 22:52:33.048092','2023-05-16 22:52:33.048092','2023-04-18',1860,NULL,1,95,NULL),(51,'2023-05-16 22:52:33.048092','2023-05-16 22:52:33.048092','2023-04-22',1698,NULL,1,56,NULL),(52,'2023-05-16 22:52:33.048092','2023-05-16 22:52:33.048092','2023-04-14',533,NULL,1,96,NULL),(53,'2023-05-16 22:52:33.048092','2023-05-16 22:52:33.048092','2023-04-28',595,NULL,1,86,NULL),(54,'2023-05-16 22:52:33.048092','2023-05-16 22:52:33.048092','2023-04-10',980,NULL,1,13,NULL),(55,'2023-05-16 22:52:33.048092','2023-05-16 22:52:33.048092','2023-04-19',1192,NULL,1,98,NULL),(56,'2023-05-16 22:52:33.048092','2023-05-16 22:52:33.048092','2023-04-14',1939,NULL,1,54,NULL),(57,'2023-05-16 22:52:33.048092','2023-05-16 22:52:33.048092','2023-05-10',1151,NULL,1,59,NULL),(58,'2023-05-16 22:52:33.048092','2023-05-16 22:52:33.048092','2023-05-09',1931,NULL,1,2,NULL),(59,'2023-05-16 22:52:33.048092','2023-05-16 22:52:33.048092','2023-05-06',178,NULL,1,15,NULL),(60,'2023-05-16 22:52:33.048092','2023-05-16 22:52:33.048092','2023-05-01',1820,NULL,1,100,NULL),(61,'2023-05-16 22:52:33.048092','2023-05-16 22:52:33.048092','2023-04-26',1740,NULL,1,65,NULL),(62,'2023-05-16 22:52:33.048092','2023-05-16 22:52:33.048092','2023-04-16',1897,NULL,1,26,NULL),(63,'2023-05-16 22:52:33.048092','2023-05-16 22:52:33.048092','2023-04-03',441,NULL,1,82,NULL),(64,'2023-05-16 22:52:33.048092','2023-05-16 22:52:33.048092','2023-04-29',249,NULL,1,10,NULL),(65,'2023-05-16 22:52:33.048092','2023-05-16 22:52:33.048092','2023-05-04',709,NULL,1,57,NULL),(66,'2023-05-16 22:52:33.048092','2023-05-16 22:52:33.048092','2023-04-20',977,NULL,1,19,NULL),(67,'2023-05-16 22:52:33.048092','2023-05-16 22:52:33.048092','2023-04-08',1740,NULL,1,35,NULL),(68,'2023-05-16 22:52:33.048092','2023-05-16 22:52:33.048092','2023-05-08',407,NULL,1,19,NULL),(69,'2023-05-16 22:52:33.048092','2023-05-16 22:52:33.048092','2023-04-15',1606,NULL,1,26,NULL),(70,'2023-05-16 22:52:33.048092','2023-05-16 22:52:33.048092','2023-04-28',257,NULL,1,43,NULL),(71,'2023-05-16 22:52:33.048092','2023-05-16 22:52:33.048092','2023-04-11',555,NULL,1,4,NULL),(72,'2023-05-16 22:52:33.048092','2023-05-16 22:52:33.048092','2023-04-09',1381,NULL,1,73,NULL),(73,'2023-05-16 22:52:33.048092','2023-05-16 22:52:33.048092','2023-04-21',1341,NULL,1,34,NULL),(74,'2023-05-16 22:52:33.048092','2023-05-16 22:52:33.048092','2023-04-27',1280,NULL,1,28,NULL),(75,'2023-05-16 22:52:33.048092','2023-05-16 22:52:33.048092','2023-04-12',802,NULL,1,61,NULL),(76,'2023-05-16 22:52:33.048092','2023-05-16 22:52:33.048092','2023-04-04',1080,NULL,1,50,NULL),(77,'2023-05-16 22:52:33.048092','2023-05-16 22:52:33.048092','2023-04-21',1263,NULL,1,24,NULL),(78,'2023-05-16 22:52:33.048092','2023-05-16 22:52:33.048092','2023-04-07',717,NULL,1,28,NULL),(79,'2023-05-16 22:52:33.048092','2023-05-16 22:52:33.048092','2023-05-09',1300,NULL,1,56,NULL),(80,'2023-05-16 22:52:33.048092','2023-05-16 22:52:33.048092','2023-04-16',1370,NULL,1,93,NULL),(81,'2023-05-16 22:52:33.048092','2023-05-16 22:52:33.048092','2023-04-19',1010,NULL,1,91,NULL),(82,'2023-05-16 22:52:33.048092','2023-05-16 22:52:33.048092','2023-04-20',1527,NULL,1,10,NULL),(83,'2023-05-16 22:52:33.048092','2023-05-16 22:52:33.048092','2023-04-17',1961,NULL,1,65,NULL),(84,'2023-05-16 22:52:33.048092','2023-05-16 22:52:33.048092','2023-04-11',977,NULL,1,75,NULL),(85,'2023-05-16 22:52:33.048092','2023-05-16 22:52:33.048092','2023-05-08',1127,NULL,1,62,NULL),(86,'2023-05-16 22:52:33.048092','2023-05-16 22:52:33.048092','2023-05-04',806,NULL,1,43,NULL),(87,'2023-05-16 22:52:33.048092','2023-05-16 22:52:33.048092','2023-05-06',787,NULL,1,57,NULL),(88,'2023-05-16 22:52:33.048092','2023-05-16 22:52:33.048092','2023-04-07',557,NULL,1,43,NULL),(89,'2023-05-16 22:52:33.048092','2023-05-16 22:52:33.048092','2023-04-11',439,NULL,1,5,NULL),(90,'2023-05-16 22:52:33.048092','2023-05-16 22:52:33.048092','2023-05-01',578,NULL,1,93,NULL),(91,'2023-05-16 22:52:33.048092','2023-05-16 22:52:33.048092','2023-04-09',1104,NULL,1,27,NULL),(92,'2023-05-16 22:52:33.048092','2023-05-16 22:52:33.048092','2023-04-08',1260,NULL,1,45,NULL),(93,'2023-05-16 22:52:33.048092','2023-05-16 22:52:33.048092','2023-05-01',965,NULL,1,38,NULL),(94,'2023-05-16 22:52:33.048092','2023-05-16 22:52:33.048092','2023-04-10',1623,NULL,1,71,NULL),(95,'2023-05-16 22:52:33.048092','2023-05-16 22:52:33.048092','2023-04-03',106,NULL,1,40,NULL),(96,'2023-05-16 22:52:33.048092','2023-05-16 22:52:33.048092','2023-04-09',1430,NULL,1,96,NULL),(97,'2023-05-16 22:52:33.048092','2023-05-16 22:52:33.048092','2023-04-07',1365,NULL,1,57,NULL),(98,'2023-05-16 22:52:33.048092','2023-05-16 22:52:33.048092','2023-05-05',1440,NULL,1,21,NULL),(99,'2023-05-16 22:52:33.048092','2023-05-16 22:52:33.048092','2023-05-05',527,NULL,1,81,NULL),(100,'2023-05-16 22:52:33.048092','2023-05-16 22:52:33.048092','2023-05-02',192,NULL,1,39,NULL),(101,'2023-05-16 22:52:33.048092','2023-05-16 22:52:33.048092','2023-05-04',617,NULL,1,19,NULL),(102,'2023-05-16 22:52:33.048092','2023-05-16 22:52:33.048092','2023-05-03',1242,NULL,1,18,NULL),(103,'2023-05-16 22:52:33.048092','2023-05-16 22:52:33.048092','2023-04-14',1464,NULL,1,67,NULL),(104,'2023-05-16 22:52:33.048092','2023-05-16 22:52:33.048092','2023-05-07',1566,NULL,1,84,NULL),(105,'2023-05-16 22:52:33.048092','2023-05-16 22:52:33.048092','2023-04-18',485,NULL,1,98,NULL),(106,'2023-05-16 22:52:33.048092','2023-05-16 22:52:33.048092','2023-04-21',1985,NULL,1,4,NULL),(107,'2023-05-16 22:52:33.048092','2023-05-16 22:52:33.048092','2023-04-21',1425,NULL,1,38,NULL),(108,'2023-05-16 22:52:33.048092','2023-05-16 22:52:33.048092','2023-05-07',1344,NULL,1,30,NULL),(109,'2023-05-16 22:52:33.048092','2023-05-16 22:52:33.048092','2023-04-20',556,NULL,1,47,NULL),(110,'2023-05-16 22:52:33.048092','2023-05-16 22:52:33.048092','2023-05-02',416,NULL,1,32,NULL),(111,'2023-05-16 22:52:33.048092','2023-05-16 22:52:33.048092','2023-04-10',1412,NULL,1,38,NULL),(112,'2023-05-16 22:52:33.048092','2023-05-16 22:52:33.048092','2023-04-17',1411,NULL,1,57,NULL),(113,'2023-05-16 22:52:33.048092','2023-05-16 22:52:33.048092','2023-04-04',302,NULL,1,48,NULL),(114,'2023-05-16 22:52:33.048092','2023-05-16 22:52:33.048092','2023-04-21',1275,NULL,1,38,NULL),(115,'2023-05-16 22:52:33.048092','2023-05-16 22:52:33.048092','2023-04-04',1222,NULL,1,2,NULL),(116,'2023-05-16 22:52:33.048092','2023-05-16 22:52:33.048092','2023-05-09',792,NULL,1,47,NULL),(117,'2023-05-16 22:52:33.048092','2023-05-16 22:52:33.048092','2023-04-26',1808,NULL,1,58,NULL),(118,'2023-05-16 22:52:33.048092','2023-05-16 22:52:33.048092','2023-05-10',1172,NULL,1,81,NULL),(119,'2023-05-16 22:52:33.048092','2023-05-16 22:52:33.048092','2023-04-19',233,NULL,1,74,NULL),(120,'2023-05-16 22:52:33.048092','2023-05-16 22:52:33.048092','2023-04-02',1422,NULL,1,44,NULL),(121,'2023-05-16 22:52:33.048092','2023-05-16 22:52:33.048092','2023-04-05',1474,NULL,1,44,NULL),(122,'2023-05-16 22:52:33.048092','2023-05-16 22:52:33.048092','2023-04-01',1391,NULL,1,17,NULL),(123,'2023-05-16 22:52:33.048092','2023-05-16 22:52:33.048092','2023-04-27',909,NULL,1,23,NULL),(124,'2023-05-16 22:52:33.048092','2023-05-16 22:52:33.048092','2023-04-30',1273,NULL,1,30,NULL),(125,'2023-05-16 22:52:33.048092','2023-05-16 22:52:33.048092','2023-05-05',1502,NULL,1,66,NULL),(126,'2023-05-16 22:52:33.048092','2023-05-16 22:52:33.048092','2023-05-02',307,NULL,1,85,NULL),(127,'2023-05-16 22:52:33.048092','2023-05-16 22:52:33.048092','2023-05-02',1496,NULL,1,78,NULL),(128,'2023-05-16 22:52:33.048092','2023-05-16 22:52:33.048092','2023-05-02',1633,NULL,1,27,NULL),(129,'2023-05-16 22:52:33.048092','2023-05-16 22:52:33.048092','2023-04-09',728,NULL,1,66,NULL),(130,'2023-05-16 22:52:33.048092','2023-05-16 22:52:33.048092','2023-04-20',336,NULL,1,80,NULL),(131,'2023-05-16 22:52:33.048092','2023-05-16 22:52:33.048092','2023-04-14',1381,NULL,1,53,NULL),(132,'2023-05-16 22:52:33.048092','2023-05-16 22:52:33.048092','2023-05-02',1011,NULL,1,93,NULL),(133,'2023-05-16 22:52:33.048092','2023-05-16 22:52:33.048092','2023-05-01',1645,NULL,1,30,NULL),(134,'2023-05-16 22:52:33.048092','2023-05-16 22:52:33.048092','2023-05-09',1157,NULL,1,93,NULL),(135,'2023-05-16 22:52:33.048092','2023-05-16 22:52:33.048092','2023-04-22',999,NULL,1,22,NULL),(136,'2023-05-16 22:52:33.048092','2023-05-16 22:52:33.048092','2023-04-09',1951,NULL,1,62,NULL),(137,'2023-05-16 22:52:33.048092','2023-05-16 22:52:33.048092','2023-04-13',1724,NULL,1,21,NULL),(138,'2023-05-16 22:52:33.048092','2023-05-16 22:52:33.048092','2023-04-26',600,NULL,1,57,NULL),(139,'2023-05-16 22:52:33.048092','2023-05-16 22:52:33.048092','2023-04-26',575,NULL,1,17,NULL),(140,'2023-05-16 22:52:33.048092','2023-05-16 22:52:33.048092','2023-05-03',439,NULL,1,52,NULL),(141,'2023-05-16 22:52:33.048092','2023-05-16 22:52:33.048092','2023-05-02',1712,NULL,1,20,NULL),(142,'2023-05-16 22:52:33.048092','2023-05-16 22:52:33.048092','2023-04-20',975,NULL,1,48,NULL),(143,'2023-05-16 22:52:33.048092','2023-05-16 22:52:33.048092','2023-04-10',879,NULL,1,97,NULL),(144,'2023-05-16 22:52:33.048092','2023-05-16 22:52:33.048092','2023-04-18',1985,NULL,1,5,NULL),(145,'2023-05-16 22:52:33.048092','2023-05-16 22:52:33.048092','2023-04-14',1137,NULL,1,62,NULL),(146,'2023-05-16 22:52:33.048092','2023-05-16 22:52:33.048092','2023-05-08',1391,NULL,1,12,NULL),(147,'2023-05-16 22:52:33.048092','2023-05-16 22:52:33.048092','2023-05-10',1790,NULL,1,3,NULL),(148,'2023-05-16 22:52:33.048092','2023-05-16 22:52:33.048092','2023-04-02',163,NULL,1,93,NULL),(149,'2023-05-16 22:52:33.048092','2023-05-16 22:52:33.048092','2023-04-22',1217,NULL,1,45,NULL),(150,'2023-05-16 22:52:33.048092','2023-05-16 22:52:33.048092','2023-04-11',1053,NULL,1,87,NULL),(151,'2023-05-16 22:52:33.048092','2023-05-16 22:52:33.048092','2023-05-06',1540,NULL,1,29,NULL),(152,'2023-05-16 22:52:33.048092','2023-05-16 22:52:33.048092','2023-04-04',1549,NULL,1,43,NULL),(153,'2023-05-16 22:52:33.048092','2023-05-16 22:52:33.048092','2023-04-01',123,NULL,1,61,NULL),(154,'2023-05-16 22:52:33.048092','2023-05-16 22:52:33.048092','2023-04-09',1963,NULL,1,95,NULL),(155,'2023-05-16 22:52:33.048092','2023-05-16 22:52:33.048092','2023-04-18',308,NULL,1,18,NULL),(156,'2023-05-16 22:52:33.048092','2023-05-16 22:52:33.048092','2023-05-06',151,NULL,1,69,NULL),(157,'2023-05-16 22:52:33.048092','2023-05-16 22:52:33.048092','2023-05-06',899,NULL,1,8,NULL),(158,'2023-05-16 22:52:33.048092','2023-05-16 22:52:33.048092','2023-04-11',1676,NULL,1,55,NULL),(159,'2023-05-16 22:52:33.048092','2023-05-16 22:52:33.048092','2023-04-15',534,NULL,1,53,NULL),(160,'2023-05-16 22:52:33.048092','2023-05-16 22:52:33.048092','2023-04-01',1609,NULL,1,19,NULL),(161,'2023-05-16 22:52:33.048092','2023-05-16 22:52:33.048092','2023-04-25',580,NULL,1,77,NULL),(162,'2023-05-16 22:52:33.048092','2023-05-16 22:52:33.048092','2023-04-01',215,NULL,1,48,NULL),(163,'2023-05-16 22:52:33.048092','2023-05-16 22:52:33.048092','2023-05-07',1467,NULL,1,99,NULL),(164,'2023-05-16 22:52:33.048092','2023-05-16 22:52:33.048092','2023-04-27',1058,NULL,1,60,NULL),(165,'2023-05-16 22:52:33.048092','2023-05-16 22:52:33.048092','2023-05-04',1130,NULL,1,2,NULL),(166,'2023-05-16 22:52:33.048092','2023-05-16 22:52:33.048092','2023-05-06',1476,NULL,1,43,NULL),(167,'2023-05-16 22:52:33.048092','2023-05-16 22:52:33.048092','2023-04-05',1408,NULL,1,94,NULL),(168,'2023-05-16 22:52:33.048092','2023-05-16 22:52:33.048092','2023-04-19',162,NULL,1,11,NULL),(169,'2023-05-16 22:52:33.048092','2023-05-16 22:52:33.048092','2023-04-14',1204,NULL,1,81,NULL),(170,'2023-05-16 22:52:33.048092','2023-05-16 22:52:33.048092','2023-04-10',1626,NULL,1,31,NULL),(171,'2023-05-16 22:52:33.048092','2023-05-16 22:52:33.048092','2023-05-01',233,NULL,1,46,NULL),(172,'2023-05-16 22:52:33.048092','2023-05-16 22:52:33.048092','2023-05-04',1492,NULL,1,40,NULL),(173,'2023-05-16 22:52:33.048092','2023-05-16 22:52:33.048092','2023-04-21',448,NULL,1,60,NULL),(174,'2023-05-16 22:52:33.048092','2023-05-16 22:52:33.048092','2023-04-08',349,NULL,1,81,NULL),(175,'2023-05-16 22:52:33.048092','2023-05-16 22:52:33.048092','2023-04-08',1771,NULL,1,98,NULL),(176,'2023-05-16 22:52:33.048092','2023-05-16 22:52:33.048092','2023-04-05',862,NULL,1,6,NULL),(177,'2023-05-16 22:52:33.048092','2023-05-16 22:52:33.048092','2023-04-09',1229,NULL,1,30,NULL),(178,'2023-05-16 22:52:33.048092','2023-05-16 22:52:33.048092','2023-04-11',839,NULL,1,68,NULL),(179,'2023-05-16 22:52:33.048092','2023-05-16 22:52:33.048092','2023-04-06',1098,NULL,1,22,NULL),(180,'2023-05-16 22:52:33.048092','2023-05-16 22:52:33.048092','2023-05-03',700,NULL,1,27,NULL),(181,'2023-05-16 22:52:33.048092','2023-05-16 22:52:33.048092','2023-04-05',1359,NULL,1,28,NULL),(182,'2023-05-16 22:52:33.048092','2023-05-16 22:52:33.048092','2023-04-24',1736,NULL,1,36,NULL),(183,'2023-05-16 22:52:33.048092','2023-05-16 22:52:33.048092','2023-04-11',673,NULL,1,6,NULL),(184,'2023-05-16 22:52:33.048092','2023-05-16 22:52:33.048092','2023-04-16',1334,NULL,1,76,NULL),(185,'2023-05-16 22:52:33.048092','2023-05-16 22:52:33.048092','2023-05-04',1184,NULL,1,96,NULL),(186,'2023-05-16 22:52:33.048092','2023-05-16 22:52:33.048092','2023-05-07',1346,NULL,1,18,NULL),(187,'2023-05-16 22:52:33.048092','2023-05-16 22:52:33.048092','2023-04-20',1692,NULL,1,58,NULL),(188,'2023-05-16 22:52:33.048092','2023-05-16 22:52:33.048092','2023-04-02',1437,NULL,1,11,NULL),(189,'2023-05-16 22:52:33.048092','2023-05-16 22:52:33.048092','2023-04-16',654,NULL,1,23,NULL),(190,'2023-05-16 22:52:33.048092','2023-05-16 22:52:33.048092','2023-05-05',1075,NULL,1,95,NULL),(191,'2023-05-16 22:52:33.048092','2023-05-16 22:52:33.048092','2023-04-06',1209,NULL,1,76,NULL),(192,'2023-05-16 22:52:33.048092','2023-05-16 22:52:33.048092','2023-04-03',834,NULL,1,39,NULL),(193,'2023-05-16 22:52:33.048092','2023-05-16 22:52:33.048092','2023-04-25',1898,NULL,1,9,NULL),(194,'2023-05-16 22:52:33.048092','2023-05-16 22:52:33.048092','2023-04-28',408,NULL,1,25,NULL),(195,'2023-05-16 22:52:33.048092','2023-05-16 22:52:33.048092','2023-04-22',863,NULL,1,22,NULL),(196,'2023-05-16 22:52:33.048092','2023-05-16 22:52:33.048092','2023-04-14',616,NULL,1,89,NULL),(197,'2023-05-16 22:52:33.048092','2023-05-16 22:52:33.048092','2023-04-05',857,NULL,1,84,NULL),(198,'2023-05-16 22:52:33.048092','2023-05-16 22:52:33.048092','2023-05-07',903,NULL,1,41,NULL),(199,'2023-05-16 22:52:33.048092','2023-05-16 22:52:33.048092','2023-04-29',1839,NULL,1,87,NULL),(200,'2023-05-16 22:52:33.048092','2023-05-16 22:52:33.048092','2023-04-24',867,NULL,1,77,NULL),(201,'2023-05-16 22:52:33.048092','2023-05-16 22:52:33.048092','2023-05-10',1554,NULL,1,49,NULL),(202,'2023-05-16 22:52:33.048092','2023-05-16 22:52:33.048092','2023-04-06',1812,NULL,1,3,NULL),(203,'2023-05-16 22:52:33.048092','2023-05-16 22:52:33.048092','2023-04-06',1209,NULL,1,71,NULL),(204,'2023-05-16 22:52:33.048092','2023-05-16 22:52:33.048092','2023-04-12',1484,NULL,1,51,NULL),(205,'2023-05-16 22:52:33.048092','2023-05-16 22:52:33.048092','2023-05-06',1976,NULL,1,43,NULL),(206,'2023-05-16 22:52:33.048092','2023-05-16 22:52:33.048092','2023-04-08',431,NULL,1,60,NULL),(207,'2023-05-16 22:52:33.048092','2023-05-16 22:52:33.048092','2023-05-10',834,NULL,1,80,NULL),(208,'2023-05-16 22:52:33.048092','2023-05-16 22:52:33.048092','2023-04-02',1348,NULL,1,39,NULL),(209,'2023-05-16 22:52:33.048092','2023-05-16 22:52:33.048092','2023-04-03',565,NULL,1,7,NULL),(210,'2023-05-16 22:52:33.048092','2023-05-16 22:52:33.048092','2023-04-18',1658,NULL,1,67,NULL),(211,'2023-05-16 22:52:33.048092','2023-05-16 22:52:33.048092','2023-05-09',1216,NULL,1,85,NULL),(212,'2023-05-16 22:52:33.048092','2023-05-16 22:52:33.048092','2023-04-26',1663,NULL,1,96,NULL),(213,'2023-05-16 22:52:33.048092','2023-05-16 22:52:33.048092','2023-04-29',1640,NULL,1,73,NULL),(214,'2023-05-16 22:52:33.048092','2023-05-16 22:52:33.048092','2023-04-06',1046,NULL,1,12,NULL),(215,'2023-05-16 22:52:33.048092','2023-05-16 22:52:33.048092','2023-05-05',693,NULL,1,30,NULL),(216,'2023-05-16 22:52:33.048092','2023-05-16 22:52:33.048092','2023-04-23',1066,NULL,1,42,NULL),(217,'2023-05-16 22:52:33.048092','2023-05-16 22:52:33.048092','2023-04-21',1726,NULL,1,12,NULL),(218,'2023-05-16 22:52:33.048092','2023-05-16 22:52:33.048092','2023-04-14',1231,NULL,1,4,NULL),(219,'2023-05-16 22:52:33.048092','2023-05-16 22:52:33.048092','2023-04-06',1172,NULL,1,39,NULL),(220,'2023-05-16 22:52:33.048092','2023-05-16 22:52:33.048092','2023-04-20',1231,NULL,1,69,NULL),(221,'2023-05-16 22:52:33.048092','2023-05-16 22:52:33.048092','2023-04-14',1745,NULL,1,74,NULL),(222,'2023-05-16 22:52:33.048092','2023-05-16 22:52:33.048092','2023-04-02',1199,NULL,1,68,NULL),(223,'2023-05-16 22:52:33.048092','2023-05-16 22:52:33.048092','2023-04-09',1743,NULL,1,34,NULL),(224,'2023-05-16 22:52:33.048092','2023-05-16 22:52:33.048092','2023-04-24',316,NULL,1,51,NULL),(225,'2023-05-16 22:52:33.048092','2023-05-16 22:52:33.048092','2023-04-18',1150,NULL,1,60,NULL),(226,'2023-05-16 22:52:33.048092','2023-05-16 22:52:33.048092','2023-04-11',699,NULL,1,46,NULL),(227,'2023-05-16 22:52:33.048092','2023-05-16 22:52:33.048092','2023-04-06',1853,NULL,1,84,NULL),(228,'2023-05-16 22:52:33.048092','2023-05-16 22:52:33.048092','2023-04-02',1369,NULL,1,56,NULL),(229,'2023-05-16 22:52:33.048092','2023-05-16 22:52:33.048092','2023-04-29',1221,NULL,1,21,NULL),(230,'2023-05-16 22:52:33.048092','2023-05-16 22:52:33.048092','2023-04-27',290,NULL,1,10,NULL),(231,'2023-05-16 22:52:33.048092','2023-05-16 22:52:33.048092','2023-04-25',1258,NULL,1,83,NULL),(232,'2023-05-16 22:52:33.048092','2023-05-16 22:52:33.048092','2023-04-15',181,NULL,1,20,NULL),(233,'2023-05-16 22:52:33.048092','2023-05-16 22:52:33.048092','2023-04-08',220,NULL,1,24,NULL),(234,'2023-05-16 22:52:33.048092','2023-05-16 22:52:33.048092','2023-04-08',126,NULL,1,2,NULL),(235,'2023-05-16 22:52:33.048092','2023-05-16 22:52:33.048092','2023-04-13',181,NULL,1,29,NULL),(236,'2023-05-16 22:52:33.048092','2023-05-16 22:52:33.048092','2023-04-05',663,NULL,1,66,NULL),(237,'2023-05-16 22:52:33.048092','2023-05-16 22:52:33.048092','2023-04-29',610,NULL,1,79,NULL),(238,'2023-05-16 22:52:33.048092','2023-05-16 22:52:33.048092','2023-04-05',1166,NULL,1,19,NULL),(239,'2023-05-16 22:52:33.048092','2023-05-16 22:52:33.048092','2023-04-06',1558,NULL,1,38,NULL),(240,'2023-05-16 22:52:33.048092','2023-05-16 22:52:33.048092','2023-04-12',1080,NULL,1,96,NULL),(241,'2023-05-16 22:52:33.048092','2023-05-16 22:52:33.048092','2023-04-24',790,NULL,1,26,NULL),(242,'2023-05-16 22:52:33.048092','2023-05-16 22:52:33.048092','2023-04-15',516,NULL,1,46,NULL),(243,'2023-05-16 22:52:33.048092','2023-05-16 22:52:33.048092','2023-04-11',1733,NULL,1,51,NULL),(244,'2023-05-16 22:52:33.048092','2023-05-16 22:52:33.048092','2023-04-28',457,NULL,1,98,NULL),(245,'2023-05-16 22:52:33.048092','2023-05-16 22:52:33.048092','2023-04-29',929,NULL,1,58,NULL),(246,'2023-05-16 22:52:33.048092','2023-05-16 22:52:33.048092','2023-04-24',1361,NULL,1,18,NULL),(247,'2023-05-16 22:52:33.048092','2023-05-16 22:52:33.048092','2023-05-02',650,NULL,1,23,NULL),(248,'2023-05-16 22:52:33.048092','2023-05-16 22:52:33.048092','2023-04-26',1733,NULL,1,35,NULL),(249,'2023-05-16 22:52:33.048092','2023-05-16 22:52:33.048092','2023-04-20',1526,NULL,1,85,NULL),(250,'2023-05-16 22:52:33.048092','2023-05-16 22:52:33.048092','2023-04-11',1903,NULL,1,78,NULL),(251,'2023-05-16 22:52:33.048092','2023-05-16 22:52:33.048092','2023-05-03',122,NULL,1,64,NULL),(252,'2023-05-16 22:52:33.048092','2023-05-16 22:52:33.048092','2023-04-12',696,NULL,1,68,NULL),(253,'2023-05-16 22:52:33.048092','2023-05-16 22:52:33.048092','2023-04-13',625,NULL,1,65,NULL),(254,'2023-05-16 22:52:33.048092','2023-05-16 22:52:33.048092','2023-05-04',1689,NULL,1,33,NULL),(255,'2023-05-16 22:52:33.048092','2023-05-16 22:52:33.048092','2023-04-07',246,NULL,1,29,NULL),(256,'2023-05-16 22:52:33.048092','2023-05-16 22:52:33.048092','2023-04-01',192,NULL,1,82,NULL),(257,'2023-05-16 22:52:33.048092','2023-05-16 22:52:33.048092','2023-05-01',372,NULL,1,77,NULL),(258,'2023-05-16 22:52:33.048092','2023-05-16 22:52:33.048092','2023-04-09',1679,NULL,1,95,NULL),(259,'2023-05-16 22:52:33.048092','2023-05-16 22:52:33.048092','2023-04-08',1095,NULL,1,40,NULL),(260,'2023-05-16 22:52:33.048092','2023-05-16 22:52:33.048092','2023-04-28',492,NULL,1,41,NULL),(261,'2023-05-16 22:52:33.048092','2023-05-16 22:52:33.048092','2023-05-01',672,NULL,1,69,NULL),(262,'2023-05-16 22:52:33.048092','2023-05-16 22:52:33.048092','2023-04-30',439,NULL,1,96,NULL),(263,'2023-05-16 22:52:33.048092','2023-05-16 22:52:33.048092','2023-04-07',1849,NULL,1,68,NULL),(264,'2023-05-16 22:52:33.048092','2023-05-16 22:52:33.048092','2023-05-04',950,NULL,1,9,NULL),(265,'2023-05-16 22:52:33.048092','2023-05-16 22:52:33.048092','2023-04-22',1087,NULL,1,88,NULL),(266,'2023-05-16 22:52:33.048092','2023-05-16 22:52:33.048092','2023-04-25',606,NULL,1,52,NULL),(267,'2023-05-16 22:52:33.048092','2023-05-16 22:52:33.048092','2023-04-23',515,NULL,1,58,NULL),(268,'2023-05-16 22:52:33.048092','2023-05-16 22:52:33.048092','2023-04-24',1021,NULL,1,98,NULL),(269,'2023-05-16 22:52:33.048092','2023-05-16 22:52:33.048092','2023-04-05',1665,NULL,1,4,NULL),(270,'2023-05-16 22:52:33.048092','2023-05-16 22:52:33.048092','2023-04-02',840,NULL,1,10,NULL),(271,'2023-05-16 22:52:33.048092','2023-05-16 22:52:33.048092','2023-04-09',105,NULL,1,21,NULL),(272,'2023-05-16 22:52:33.048092','2023-05-16 22:52:33.048092','2023-04-08',306,NULL,1,9,NULL),(273,'2023-05-16 22:52:33.048092','2023-05-16 22:52:33.048092','2023-05-04',1268,NULL,1,26,NULL),(274,'2023-05-16 22:52:33.048092','2023-05-16 22:52:33.048092','2023-04-27',1657,NULL,1,95,NULL),(275,'2023-05-16 22:52:33.048092','2023-05-16 22:52:33.048092','2023-04-17',717,NULL,1,10,NULL),(276,'2023-05-16 22:52:33.048092','2023-05-16 22:52:33.048092','2023-04-01',1215,NULL,1,26,NULL),(277,'2023-05-16 22:52:33.048092','2023-05-16 22:52:33.048092','2023-04-09',1990,NULL,1,52,NULL),(278,'2023-05-16 22:52:33.048092','2023-05-16 22:52:33.048092','2023-04-23',999,NULL,1,23,NULL),(279,'2023-05-16 22:52:33.048092','2023-05-16 22:52:33.048092','2023-04-15',176,NULL,1,91,NULL),(280,'2023-05-16 22:52:33.048092','2023-05-16 22:52:33.048092','2023-04-09',581,NULL,1,6,NULL),(281,'2023-05-16 22:52:33.048092','2023-05-16 22:52:33.048092','2023-05-07',672,NULL,1,21,NULL),(282,'2023-05-16 22:52:33.048092','2023-05-16 22:52:33.048092','2023-04-03',574,NULL,1,80,NULL),(283,'2023-05-16 22:52:33.048092','2023-05-16 22:52:33.048092','2023-04-03',1974,NULL,1,15,NULL),(284,'2023-05-16 22:52:33.048092','2023-05-16 22:52:33.048092','2023-04-27',1916,NULL,1,23,NULL),(285,'2023-05-16 22:52:33.048092','2023-05-16 22:52:33.048092','2023-05-01',905,NULL,1,95,NULL),(286,'2023-05-16 22:52:33.048092','2023-05-16 22:52:33.048092','2023-05-07',618,NULL,1,16,NULL),(287,'2023-05-16 22:52:33.048092','2023-05-16 22:52:33.048092','2023-05-08',843,NULL,1,43,NULL),(288,'2023-05-16 22:52:33.048092','2023-05-16 22:52:33.048092','2023-05-04',1590,NULL,1,13,NULL),(289,'2023-05-16 22:52:33.048092','2023-05-16 22:52:33.048092','2023-04-19',615,NULL,1,59,NULL),(290,'2023-05-16 22:52:33.048092','2023-05-16 22:52:33.048092','2023-04-03',1767,NULL,1,39,NULL),(291,'2023-05-16 22:52:33.048092','2023-05-16 22:52:33.048092','2023-04-24',1276,NULL,1,96,NULL),(292,'2023-05-16 22:52:33.048092','2023-05-16 22:52:33.048092','2023-04-20',408,NULL,1,44,NULL),(293,'2023-05-16 22:52:33.048092','2023-05-16 22:52:33.048092','2023-04-18',1341,NULL,1,36,NULL),(294,'2023-05-16 22:52:33.048092','2023-05-16 22:52:33.048092','2023-05-04',369,NULL,1,79,NULL),(295,'2023-05-16 22:52:33.048092','2023-05-16 22:52:33.048092','2023-04-25',1478,NULL,1,72,NULL),(296,'2023-05-16 22:52:33.048092','2023-05-16 22:52:33.048092','2023-04-09',1913,NULL,1,49,NULL),(297,'2023-05-16 22:52:33.048092','2023-05-16 22:52:33.048092','2023-05-09',1867,NULL,1,87,NULL),(298,'2023-05-16 22:52:33.048092','2023-05-16 22:52:33.048092','2023-04-30',468,NULL,1,41,NULL),(299,'2023-05-16 22:52:33.048092','2023-05-16 22:52:33.048092','2023-04-24',750,NULL,1,33,NULL),(300,'2023-05-16 22:52:33.048092','2023-05-16 22:52:33.048092','2023-04-11',1447,NULL,1,38,NULL),(301,'2023-05-16 22:52:33.048092','2023-05-16 22:52:33.048092','2023-04-22',110,NULL,1,4,NULL),(302,'2023-05-16 22:52:33.048092','2023-05-16 22:52:33.048092','2023-05-03',650,NULL,1,31,NULL),(303,'2023-05-16 22:52:33.048092','2023-05-16 22:52:33.048092','2023-04-14',233,NULL,1,65,NULL),(304,'2023-05-16 22:52:33.048092','2023-05-16 22:52:33.048092','2023-04-18',1143,NULL,1,13,NULL),(305,'2023-05-16 22:52:33.048092','2023-05-16 22:52:33.048092','2023-05-03',1314,NULL,1,17,NULL),(306,'2023-05-16 22:52:33.048092','2023-05-16 22:52:33.048092','2023-04-27',1806,NULL,1,50,NULL),(307,'2023-05-16 22:52:33.048092','2023-05-16 22:52:33.048092','2023-05-04',1851,NULL,1,3,NULL),(308,'2023-05-16 22:52:33.048092','2023-05-16 22:52:33.048092','2023-04-28',1037,NULL,1,40,NULL),(309,'2023-05-16 22:52:33.048092','2023-05-16 22:52:33.048092','2023-04-28',1189,NULL,1,15,NULL),(310,'2023-05-16 22:52:33.048092','2023-05-16 22:52:33.048092','2023-04-08',1271,NULL,1,22,NULL),(311,'2023-05-16 22:52:33.048092','2023-05-16 22:52:33.048092','2023-04-13',732,NULL,1,36,NULL),(312,'2023-05-16 22:52:33.048092','2023-05-16 22:52:33.048092','2023-05-02',470,NULL,1,53,NULL),(313,'2023-05-16 22:52:33.048092','2023-05-16 22:52:33.048092','2023-04-30',1444,NULL,1,5,NULL),(314,'2023-05-16 22:52:33.048092','2023-05-16 22:52:33.048092','2023-04-03',1593,NULL,1,93,NULL),(315,'2023-05-16 22:52:33.048092','2023-05-16 22:52:33.048092','2023-05-07',1891,NULL,1,55,NULL),(316,'2023-05-16 22:52:33.048092','2023-05-16 22:52:33.048092','2023-04-20',441,NULL,1,37,NULL),(317,'2023-05-16 22:52:33.048092','2023-05-16 22:52:33.048092','2023-04-29',800,NULL,1,47,NULL),(318,'2023-05-16 22:52:33.048092','2023-05-16 22:52:33.048092','2023-04-11',244,NULL,1,7,NULL),(319,'2023-05-16 22:52:33.048092','2023-05-16 22:52:33.048092','2023-04-03',1268,NULL,1,29,NULL),(320,'2023-05-16 22:52:33.048092','2023-05-16 22:52:33.048092','2023-04-22',1363,NULL,1,98,NULL),(321,'2023-05-16 22:52:33.048092','2023-05-16 22:52:33.048092','2023-04-28',1565,NULL,1,75,NULL),(322,'2023-05-16 22:52:33.048092','2023-05-16 22:52:33.048092','2023-04-02',419,NULL,1,94,NULL),(323,'2023-05-16 22:52:33.048092','2023-05-16 22:52:33.048092','2023-04-30',424,NULL,1,88,NULL),(324,'2023-05-16 22:52:33.048092','2023-05-16 22:52:33.048092','2023-05-02',1927,NULL,1,10,NULL),(325,'2023-05-16 22:52:33.048092','2023-05-16 22:52:33.048092','2023-04-24',1826,NULL,1,42,NULL),(326,'2023-05-16 22:52:33.048092','2023-05-16 22:52:33.048092','2023-04-05',1771,NULL,1,94,NULL),(327,'2023-05-16 22:52:33.048092','2023-05-16 22:52:33.048092','2023-04-06',1838,NULL,1,48,NULL),(328,'2023-05-16 22:52:33.048092','2023-05-16 22:52:33.048092','2023-05-02',629,NULL,1,30,NULL),(329,'2023-05-16 22:52:33.048092','2023-05-16 22:52:33.048092','2023-04-22',968,NULL,1,33,NULL),(330,'2023-05-16 22:52:33.048092','2023-05-16 22:52:33.048092','2023-04-01',1509,NULL,1,14,NULL),(331,'2023-05-16 22:52:33.048092','2023-05-16 22:52:33.048092','2023-04-13',668,NULL,1,35,NULL),(332,'2023-05-16 22:52:33.048092','2023-05-16 22:52:33.048092','2023-04-05',958,NULL,1,12,NULL),(333,'2023-05-16 22:52:33.048092','2023-05-16 22:52:33.048092','2023-04-01',1516,NULL,1,59,NULL),(334,'2023-05-16 22:52:33.048092','2023-05-16 22:52:33.048092','2023-04-30',244,NULL,1,93,NULL),(335,'2023-05-16 22:52:33.048092','2023-05-16 22:52:33.048092','2023-04-02',174,NULL,1,48,NULL),(336,'2023-05-16 22:52:33.048092','2023-05-16 22:52:33.048092','2023-04-16',1591,NULL,1,15,NULL),(337,'2023-05-16 22:52:33.048092','2023-05-16 22:52:33.048092','2023-05-07',1013,NULL,1,69,NULL),(338,'2023-05-16 22:52:33.048092','2023-05-16 22:52:33.048092','2023-05-01',263,NULL,1,26,NULL),(339,'2023-05-16 22:52:33.048092','2023-05-16 22:52:33.048092','2023-05-02',1136,NULL,1,64,NULL),(340,'2023-05-16 22:52:33.048092','2023-05-16 22:52:33.048092','2023-04-13',1420,NULL,1,63,NULL),(341,'2023-05-16 22:52:33.048092','2023-05-16 22:52:33.048092','2023-04-07',1479,NULL,1,29,NULL),(342,'2023-05-16 22:52:33.048092','2023-05-16 22:52:33.048092','2023-04-07',722,NULL,1,28,NULL),(343,'2023-05-16 22:52:33.048092','2023-05-16 22:52:33.048092','2023-04-19',1645,NULL,1,86,NULL),(344,'2023-05-16 22:52:33.048092','2023-05-16 22:52:33.048092','2023-04-21',692,NULL,1,22,NULL),(345,'2023-05-16 22:52:33.048092','2023-05-16 22:52:33.048092','2023-04-06',1167,NULL,1,62,NULL),(346,'2023-05-16 22:52:33.048092','2023-05-16 22:52:33.048092','2023-04-04',521,NULL,1,5,NULL),(347,'2023-05-16 22:52:33.048092','2023-05-16 22:52:33.048092','2023-04-12',1632,NULL,1,51,NULL),(348,'2023-05-16 22:52:33.048092','2023-05-16 22:52:33.048092','2023-04-07',1112,NULL,1,35,NULL),(349,'2023-05-16 22:52:33.048092','2023-05-16 22:52:33.048092','2023-04-23',1963,NULL,1,92,NULL),(350,'2023-05-16 22:52:33.048092','2023-05-16 22:52:33.048092','2023-04-27',1835,NULL,1,80,NULL),(351,'2023-05-16 22:52:33.048092','2023-05-16 22:52:33.048092','2023-04-02',1841,NULL,1,30,NULL),(352,'2023-05-16 22:52:33.048092','2023-05-16 22:52:33.048092','2023-04-12',614,NULL,1,1,NULL),(353,'2023-05-16 22:52:33.048092','2023-05-16 22:52:33.048092','2023-04-05',1647,NULL,1,21,NULL),(354,'2023-05-16 22:52:33.048092','2023-05-16 22:52:33.048092','2023-04-04',1797,NULL,1,8,NULL),(355,'2023-05-16 22:52:33.048092','2023-05-16 22:52:33.048092','2023-05-07',715,NULL,1,90,NULL),(356,'2023-05-16 22:52:33.048092','2023-05-16 22:52:33.048092','2023-04-04',1658,NULL,1,90,NULL),(357,'2023-05-16 22:52:33.048092','2023-05-16 22:52:33.048092','2023-04-12',1869,NULL,1,15,NULL),(358,'2023-05-16 22:52:33.048092','2023-05-16 22:52:33.048092','2023-04-24',622,NULL,1,85,NULL),(359,'2023-05-16 22:52:33.048092','2023-05-16 22:52:33.048092','2023-05-10',1865,NULL,1,67,NULL),(360,'2023-05-16 22:52:33.048092','2023-05-16 22:52:33.048092','2023-04-09',694,NULL,1,95,NULL),(361,'2023-05-16 22:52:33.048092','2023-05-16 22:52:33.048092','2023-04-21',1040,NULL,1,36,NULL),(362,'2023-05-16 22:52:33.048092','2023-05-16 22:52:33.048092','2023-04-09',1071,NULL,1,92,NULL),(363,'2023-05-16 22:52:33.048092','2023-05-16 22:52:33.048092','2023-04-09',232,NULL,1,32,NULL),(364,'2023-05-16 22:52:33.048092','2023-05-16 22:52:33.048092','2023-05-05',511,NULL,1,77,NULL),(365,'2023-05-16 22:52:33.048092','2023-05-16 22:52:33.048092','2023-04-27',1663,NULL,1,13,NULL),(366,'2023-05-16 22:52:33.048092','2023-05-16 22:52:33.048092','2023-04-15',1338,NULL,1,98,NULL),(367,'2023-05-16 22:52:33.048092','2023-05-16 22:52:33.048092','2023-04-12',900,NULL,1,62,NULL),(368,'2023-05-16 22:52:33.048092','2023-05-16 22:52:33.048092','2023-04-29',1450,NULL,1,7,NULL),(369,'2023-05-16 22:52:33.048092','2023-05-16 22:52:33.048092','2023-05-08',598,NULL,1,19,NULL),(370,'2023-05-16 22:52:33.048092','2023-05-16 22:52:33.048092','2023-05-07',1865,NULL,1,60,NULL),(371,'2023-05-16 22:52:33.048092','2023-05-16 22:52:33.048092','2023-04-09',683,NULL,1,89,NULL),(372,'2023-05-16 22:52:33.048092','2023-05-16 22:52:33.048092','2023-05-01',1155,NULL,1,95,NULL),(373,'2023-05-16 22:52:33.048092','2023-05-16 22:52:33.048092','2023-04-21',1152,NULL,1,43,NULL),(374,'2023-05-16 22:52:33.048092','2023-05-16 22:52:33.048092','2023-05-07',1242,NULL,1,88,NULL),(375,'2023-05-16 22:52:33.048092','2023-05-16 22:52:33.048092','2023-04-27',412,NULL,1,59,NULL),(376,'2023-05-16 22:52:33.048092','2023-05-16 22:52:33.048092','2023-05-09',1564,NULL,1,54,NULL),(377,'2023-05-16 22:52:33.048092','2023-05-16 22:52:33.048092','2023-04-13',739,NULL,1,50,NULL),(378,'2023-05-16 22:52:33.048092','2023-05-16 22:52:33.048092','2023-04-18',996,NULL,1,80,NULL),(379,'2023-05-16 22:52:33.048092','2023-05-16 22:52:33.048092','2023-05-09',169,NULL,1,29,NULL),(380,'2023-05-16 22:52:33.048092','2023-05-16 22:52:33.048092','2023-04-22',142,NULL,1,7,NULL),(381,'2023-05-16 22:52:33.048092','2023-05-16 22:52:33.048092','2023-04-11',1675,NULL,1,24,NULL),(382,'2023-05-16 22:52:33.048092','2023-05-16 22:52:33.048092','2023-04-01',973,NULL,1,42,NULL),(383,'2023-05-16 22:52:33.048092','2023-05-16 22:52:33.048092','2023-04-06',1621,NULL,1,17,NULL),(384,'2023-05-16 22:52:33.048092','2023-05-16 22:52:33.048092','2023-04-16',381,NULL,1,70,NULL),(385,'2023-05-16 22:52:33.048092','2023-05-16 22:52:33.048092','2023-04-18',494,NULL,1,86,NULL),(386,'2023-05-16 22:52:33.048092','2023-05-16 22:52:33.048092','2023-05-05',1819,NULL,1,79,NULL),(387,'2023-05-16 22:52:33.048092','2023-05-16 22:52:33.048092','2023-05-04',634,NULL,1,46,NULL),(388,'2023-05-16 22:52:33.048092','2023-05-16 22:52:33.048092','2023-04-25',1294,NULL,1,25,NULL),(389,'2023-05-16 22:52:33.048092','2023-05-16 22:52:33.048092','2023-04-30',1801,NULL,1,100,NULL),(390,'2023-05-16 22:52:33.048092','2023-05-16 22:52:33.048092','2023-04-07',189,NULL,1,87,NULL),(391,'2023-05-16 22:52:33.048092','2023-05-16 22:52:33.048092','2023-04-03',1136,NULL,1,39,NULL),(392,'2023-05-16 22:52:33.048092','2023-05-16 22:52:33.048092','2023-04-04',416,NULL,1,41,NULL),(393,'2023-05-16 22:52:33.048092','2023-05-16 22:52:33.048092','2023-05-01',1584,NULL,1,61,NULL),(394,'2023-05-16 22:52:33.048092','2023-05-16 22:52:33.048092','2023-05-03',593,NULL,1,13,NULL),(395,'2023-05-16 22:52:33.048092','2023-05-16 22:52:33.048092','2023-04-23',903,NULL,1,99,NULL),(396,'2023-05-16 22:52:33.048092','2023-05-16 22:52:33.048092','2023-05-05',1473,NULL,1,27,NULL),(397,'2023-05-16 22:52:33.048092','2023-05-16 22:52:33.048092','2023-04-13',832,NULL,1,75,NULL),(398,'2023-05-16 22:52:33.048092','2023-05-16 22:52:33.048092','2023-04-28',403,NULL,1,50,NULL),(399,'2023-05-16 22:52:33.048092','2023-05-16 22:52:33.048092','2023-05-03',1560,NULL,1,23,NULL),(400,'2023-05-16 22:52:33.048092','2023-05-16 22:52:33.048092','2023-04-05',1085,NULL,1,88,NULL),(401,'2023-05-16 22:52:33.048092','2023-05-16 22:52:33.048092','2023-04-07',315,NULL,1,8,NULL),(402,'2023-05-16 22:52:33.048092','2023-05-16 22:52:33.048092','2023-04-16',1421,NULL,1,92,NULL),(403,'2023-05-16 22:52:33.048092','2023-05-16 22:52:33.048092','2023-04-05',170,NULL,1,34,NULL),(404,'2023-05-16 22:52:33.048092','2023-05-16 22:52:33.048092','2023-04-06',1105,NULL,1,67,NULL),(405,'2023-05-16 22:52:33.048092','2023-05-16 22:52:33.048092','2023-05-06',179,NULL,1,59,NULL),(406,'2023-05-16 22:52:33.048092','2023-05-16 22:52:33.048092','2023-05-10',1343,NULL,1,23,NULL),(407,'2023-05-16 22:52:33.048092','2023-05-16 22:52:33.048092','2023-05-03',1082,NULL,1,45,NULL),(408,'2023-05-16 22:52:33.048092','2023-05-16 22:52:33.048092','2023-04-14',1902,NULL,1,36,NULL),(409,'2023-05-16 22:52:33.048092','2023-05-16 22:52:33.048092','2023-04-17',340,NULL,1,84,NULL),(410,'2023-05-16 22:52:33.048092','2023-05-16 22:52:33.048092','2023-05-02',1658,NULL,1,74,NULL),(411,'2023-05-16 22:52:33.048092','2023-05-16 22:52:33.048092','2023-04-19',1899,NULL,1,43,NULL),(412,'2023-05-16 22:52:33.048092','2023-05-16 22:52:33.048092','2023-04-13',1895,NULL,1,87,NULL),(413,'2023-05-16 22:52:33.048092','2023-05-16 22:52:33.048092','2023-04-25',734,NULL,1,16,NULL),(414,'2023-05-16 22:52:33.048092','2023-05-16 22:52:33.048092','2023-04-11',439,NULL,1,4,NULL),(415,'2023-05-16 22:52:33.048092','2023-05-16 22:52:33.048092','2023-04-11',726,NULL,1,57,NULL),(416,'2023-05-16 22:52:33.048092','2023-05-16 22:52:33.048092','2023-04-21',1600,NULL,1,25,NULL),(417,'2023-05-16 22:52:33.048092','2023-05-16 22:52:33.048092','2023-04-07',1900,NULL,1,55,NULL),(418,'2023-05-16 22:52:33.048092','2023-05-16 22:52:33.048092','2023-04-09',389,NULL,1,84,NULL),(419,'2023-05-16 22:52:33.048092','2023-05-16 22:52:33.048092','2023-04-25',932,NULL,1,26,NULL),(420,'2023-05-16 22:52:33.048092','2023-05-16 22:52:33.048092','2023-04-28',276,NULL,1,49,NULL),(421,'2023-05-16 22:52:33.048092','2023-05-16 22:52:33.048092','2023-04-22',557,NULL,1,1,NULL),(422,'2023-05-16 22:52:33.048092','2023-05-16 22:52:33.048092','2023-04-19',1703,NULL,1,24,NULL),(423,'2023-05-16 22:52:33.048092','2023-05-16 22:52:33.048092','2023-04-27',1837,NULL,1,63,NULL),(424,'2023-05-16 22:52:33.048092','2023-05-16 22:52:33.048092','2023-04-23',980,NULL,1,45,NULL),(425,'2023-05-16 22:52:33.048092','2023-05-16 22:52:33.048092','2023-04-10',1549,NULL,1,5,NULL),(426,'2023-05-16 22:52:33.048092','2023-05-16 22:52:33.048092','2023-05-04',1322,NULL,1,5,NULL),(427,'2023-05-16 22:52:33.048092','2023-05-16 22:52:33.048092','2023-04-07',1730,NULL,1,49,NULL),(428,'2023-05-16 22:52:33.048092','2023-05-16 22:52:33.048092','2023-05-03',785,NULL,1,36,NULL),(429,'2023-05-16 22:52:33.048092','2023-05-16 22:52:33.048092','2023-04-27',1471,NULL,1,31,NULL),(430,'2023-05-16 22:52:33.048092','2023-05-16 22:52:33.048092','2023-04-21',839,NULL,1,89,NULL),(431,'2023-05-16 22:52:33.048092','2023-05-16 22:52:33.048092','2023-05-01',1094,NULL,1,97,NULL),(432,'2023-05-16 22:52:33.048092','2023-05-16 22:52:33.048092','2023-04-20',688,NULL,1,25,NULL),(433,'2023-05-16 22:52:33.048092','2023-05-16 22:52:33.048092','2023-05-04',758,NULL,1,48,NULL),(434,'2023-05-16 22:52:33.048092','2023-05-16 22:52:33.048092','2023-05-03',929,NULL,1,56,NULL),(435,'2023-05-16 22:52:33.048092','2023-05-16 22:52:33.048092','2023-05-05',174,NULL,1,30,NULL),(436,'2023-05-16 22:52:33.048092','2023-05-16 22:52:33.048092','2023-04-01',1847,NULL,1,2,NULL),(437,'2023-05-16 22:52:33.048092','2023-05-16 22:52:33.048092','2023-04-27',1314,NULL,1,26,NULL),(438,'2023-05-16 22:52:33.048092','2023-05-16 22:52:33.048092','2023-04-30',1328,NULL,1,93,NULL),(439,'2023-05-16 22:52:33.048092','2023-05-16 22:52:33.048092','2023-04-17',310,NULL,1,17,NULL),(440,'2023-05-16 22:52:33.048092','2023-05-16 22:52:33.048092','2023-05-06',765,NULL,1,93,NULL),(441,'2023-05-16 22:52:33.048092','2023-05-16 22:52:33.048092','2023-04-27',1308,NULL,1,71,NULL),(442,'2023-05-16 22:52:33.048092','2023-05-16 22:52:33.048092','2023-04-28',661,NULL,1,60,NULL),(443,'2023-05-16 22:52:33.048092','2023-05-16 22:52:33.048092','2023-04-16',614,NULL,1,84,NULL),(444,'2023-05-16 22:52:33.048092','2023-05-16 22:52:33.048092','2023-04-22',1919,NULL,1,56,NULL),(445,'2023-05-16 22:52:33.048092','2023-05-16 22:52:33.048092','2023-05-08',397,NULL,1,7,NULL),(446,'2023-05-16 22:52:33.048092','2023-05-16 22:52:33.048092','2023-04-08',760,NULL,1,75,NULL),(447,'2023-05-16 22:52:33.048092','2023-05-16 22:52:33.048092','2023-04-05',1238,NULL,1,2,NULL),(448,'2023-05-16 22:52:33.048092','2023-05-16 22:52:33.048092','2023-04-23',1745,NULL,1,71,NULL),(449,'2023-05-16 22:52:33.048092','2023-05-16 22:52:33.048092','2023-04-28',135,NULL,1,33,NULL),(450,'2023-05-16 22:52:33.048092','2023-05-16 22:52:33.048092','2023-05-07',798,NULL,1,50,NULL),(451,'2023-05-16 22:52:33.048092','2023-05-16 22:52:33.048092','2023-04-27',1541,NULL,1,9,NULL),(452,'2023-05-16 22:52:33.048092','2023-05-16 22:52:33.048092','2023-05-01',327,NULL,1,26,NULL),(453,'2023-05-16 22:52:33.048092','2023-05-16 22:52:33.048092','2023-04-04',1780,NULL,1,46,NULL),(454,'2023-05-16 22:52:33.048092','2023-05-16 22:52:33.048092','2023-04-13',1195,NULL,1,38,NULL),(455,'2023-05-16 22:52:33.048092','2023-05-16 22:52:33.048092','2023-04-22',1701,NULL,1,96,NULL),(456,'2023-05-16 22:52:33.048092','2023-05-16 22:52:33.048092','2023-04-22',1779,NULL,1,6,NULL),(457,'2023-05-16 22:52:33.048092','2023-05-16 22:52:33.048092','2023-05-05',501,NULL,1,3,NULL),(458,'2023-05-16 22:52:33.048092','2023-05-16 22:52:33.048092','2023-05-01',511,NULL,1,77,NULL),(459,'2023-05-16 22:52:33.048092','2023-05-16 22:52:33.048092','2023-04-14',1614,NULL,1,1,NULL),(460,'2023-05-16 22:52:33.048092','2023-05-16 22:52:33.048092','2023-04-02',1788,NULL,1,25,NULL),(461,'2023-05-16 22:52:33.048092','2023-05-16 22:52:33.048092','2023-04-14',631,NULL,1,98,NULL),(462,'2023-05-16 22:52:33.048092','2023-05-16 22:52:33.048092','2023-04-01',909,NULL,1,51,NULL),(463,'2023-05-16 22:52:33.048092','2023-05-16 22:52:33.048092','2023-04-14',317,NULL,1,53,NULL),(464,'2023-05-16 22:52:33.048092','2023-05-16 22:52:33.048092','2023-04-07',1898,NULL,1,29,NULL),(465,'2023-05-16 22:52:33.048092','2023-05-16 22:52:33.048092','2023-05-01',1779,NULL,1,100,NULL),(466,'2023-05-16 22:52:33.048092','2023-05-16 22:52:33.048092','2023-04-18',662,NULL,1,15,NULL),(467,'2023-05-16 22:52:33.048092','2023-05-16 22:52:33.048092','2023-04-03',282,NULL,1,28,NULL),(468,'2023-05-16 22:52:33.048092','2023-05-16 22:52:33.048092','2023-05-09',1802,NULL,1,17,NULL),(469,'2023-05-16 22:52:33.048092','2023-05-16 22:52:33.048092','2023-04-16',274,NULL,1,72,NULL),(470,'2023-05-16 22:52:33.048092','2023-05-16 22:52:33.048092','2023-04-13',1323,NULL,1,87,NULL),(471,'2023-05-16 22:52:33.048092','2023-05-16 22:52:33.048092','2023-05-08',491,NULL,1,69,NULL),(472,'2023-05-16 22:52:33.048092','2023-05-16 22:52:33.048092','2023-04-16',1581,NULL,1,95,NULL),(473,'2023-05-16 22:52:33.048092','2023-05-16 22:52:33.048092','2023-05-10',894,NULL,1,82,NULL),(474,'2023-05-16 22:52:33.048092','2023-05-16 22:52:33.048092','2023-04-04',651,NULL,1,86,NULL),(475,'2023-05-16 22:52:33.048092','2023-05-16 22:52:33.048092','2023-05-08',1961,NULL,1,96,NULL),(476,'2023-05-16 22:52:33.048092','2023-05-16 22:52:33.048092','2023-04-17',872,NULL,1,68,NULL),(477,'2023-05-16 22:52:33.048092','2023-05-16 22:52:33.048092','2023-05-05',1713,NULL,1,10,NULL),(478,'2023-05-16 22:52:33.048092','2023-05-16 22:52:33.048092','2023-05-05',740,NULL,1,87,NULL),(479,'2023-05-16 22:52:33.048092','2023-05-16 22:52:33.048092','2023-05-02',975,NULL,1,9,NULL),(480,'2023-05-16 22:52:33.048092','2023-05-16 22:52:33.048092','2023-04-21',1448,NULL,1,50,NULL),(481,'2023-05-16 22:52:33.048092','2023-05-16 22:52:33.048092','2023-04-17',955,NULL,1,94,NULL),(482,'2023-05-16 22:52:33.048092','2023-05-16 22:52:33.048092','2023-04-15',1993,NULL,1,36,NULL),(483,'2023-05-16 22:52:33.048092','2023-05-16 22:52:33.048092','2023-04-08',872,NULL,1,87,NULL),(484,'2023-05-16 22:52:33.048092','2023-05-16 22:52:33.048092','2023-04-18',965,NULL,1,5,NULL),(485,'2023-05-16 22:52:33.048092','2023-05-16 22:52:33.048092','2023-04-09',1380,NULL,1,75,NULL),(486,'2023-05-16 22:52:33.048092','2023-05-16 22:52:33.048092','2023-04-10',134,NULL,1,45,NULL),(487,'2023-05-16 22:52:33.048092','2023-05-16 22:52:33.048092','2023-04-01',734,NULL,1,55,NULL),(488,'2023-05-16 22:52:33.048092','2023-05-16 22:52:33.048092','2023-05-03',1918,NULL,1,24,NULL),(489,'2023-05-16 22:52:33.048092','2023-05-16 22:52:33.048092','2023-04-28',261,NULL,1,59,NULL),(490,'2023-05-16 22:52:33.048092','2023-05-16 22:52:33.048092','2023-04-28',1391,NULL,1,35,NULL),(491,'2023-05-16 22:52:33.048092','2023-05-16 22:52:33.048092','2023-05-07',150,NULL,1,67,NULL),(492,'2023-05-16 22:52:33.048092','2023-05-16 22:52:33.048092','2023-05-05',827,NULL,1,42,NULL),(493,'2023-05-16 22:52:33.048092','2023-05-16 22:52:33.048092','2023-04-22',1882,NULL,1,90,NULL),(494,'2023-05-16 22:52:33.048092','2023-05-16 22:52:33.048092','2023-04-29',1159,NULL,1,50,NULL),(495,'2023-05-16 22:52:33.048092','2023-05-16 22:52:33.048092','2023-04-03',687,NULL,1,42,NULL),(496,'2023-05-16 22:52:33.048092','2023-05-16 22:52:33.048092','2023-04-24',407,NULL,1,59,NULL),(497,'2023-05-16 22:52:33.048092','2023-05-16 22:52:33.048092','2023-04-08',1874,NULL,1,90,NULL),(498,'2023-05-16 22:52:33.048092','2023-05-16 22:52:33.048092','2023-05-01',234,NULL,1,2,NULL),(499,'2023-05-16 22:52:33.048092','2023-05-16 22:52:33.048092','2023-04-19',1473,NULL,1,72,NULL),(500,'2023-05-16 22:52:33.048092','2023-05-16 22:52:33.048092','2023-04-09',1533,NULL,1,41,NULL);
/*!40000 ALTER TABLE `spendings` ENABLE KEYS */;
UNLOCK TABLES;

--
-- Table structure for table `users`
--

DROP TABLE IF EXISTS `users`;
/*!40101 SET @saved_cs_client     = @@character_set_client */;
/*!40101 SET character_set_client = utf8 */;
CREATE TABLE `users` (
  `id` int(11) NOT NULL AUTO_INCREMENT,
  `created_at` datetime(6) NOT NULL DEFAULT CURRENT_TIMESTAMP(6),
  `updated_at` datetime(6) NOT NULL DEFAULT CURRENT_TIMESTAMP(6) ON UPDATE CURRENT_TIMESTAMP(6),
  `name` varchar(255) NOT NULL,
  `email` varchar(255) NOT NULL,
  `password` varchar(255) NOT NULL,
  `deleted_at` datetime(6) DEFAULT NULL,
  PRIMARY KEY (`id`),
  UNIQUE KEY `IDX_97672ac88f789774dd47f7c8be` (`email`)
) ENGINE=InnoDB AUTO_INCREMENT=51 DEFAULT CHARSET=utf8mb4;
/*!40101 SET character_set_client = @saved_cs_client */;

--
-- Dumping data for table `users`
--

LOCK TABLES `users` WRITE;
/*!40000 ALTER TABLE `users` DISABLE KEYS */;
INSERT INTO `users` VALUES (1,'2023-05-16 22:51:42.450608','2023-05-16 22:51:42.450608','土井 麻衣','doi_813_73589269@gmail.com','password',NULL),(2,'2023-05-16 22:51:42.450608','2023-05-16 22:51:42.450608','櫻井 裕貴','sakuraiyuuki_08946681@gmail.com','password',NULL),(3,'2023-05-16 22:51:42.450608','2023-05-16 22:51:42.450608','吉澤 明子','akiko_yoshizawa_82524483@hotmaill.com','password',NULL),(4,'2023-05-16 22:51:42.450608','2023-05-16 22:51:42.450608','太田 浩司','ota_112_08136515@gmail.com','password',NULL),(5,'2023-05-16 22:51:42.450608','2023-05-16 22:51:42.450608','佐伯 倫子','norikosaeki_77690708@yahoo.co.jp','password',NULL),(6,'2023-05-16 22:51:42.450608','2023-05-16 22:51:42.450608','小林 謙介','kobayashi87_24762980@yahoo.co.jp','password',NULL),(7,'2023-05-16 22:51:42.450608','2023-05-16 22:51:42.450608','石原 一平','ippeiishihara_75124154@hotmaill.com','password',NULL),(8,'2023-05-16 22:51:42.450608','2023-05-16 22:51:42.450608','奥山 真吾','shingookuyama_84742174@yahoo.co.jp','password',NULL),(9,'2023-05-16 22:51:42.450608','2023-05-16 22:51:42.450608','南 浩美','minami_818_70107319@yahoo.co.jp','password',NULL),(10,'2023-05-16 22:51:42.450608','2023-05-16 22:51:42.450608','板橋 浩','itabashi116_17722309@hotmaill.com','password',NULL),(11,'2023-05-16 22:51:42.450608','2023-05-16 22:51:42.450608','中村 哲平','teppei_nakamura_95054648@yahoo.co.jp','password',NULL),(12,'2023-05-16 22:51:42.450608','2023-05-16 22:51:42.450608','武田 雄大','takehirotakeda_68361668@yahoo.co.jp','password',NULL),(13,'2023-05-16 22:51:42.450608','2023-05-16 22:51:42.450608','茂木 友香','mogiyuka_31110529@hotmaill.com','password',NULL),(14,'2023-05-16 22:51:42.450608','2023-05-16 22:51:42.450608','二宮 武司','ninomiyatakeshi_72510260@gmail.com','password',NULL),(15,'2023-05-16 22:51:42.450608','2023-05-16 22:51:42.450608','菅原 弘美','hiromi_sugawara_69426000@hotmaill.com','password',NULL),(16,'2023-05-16 22:51:42.450608','2023-05-16 22:51:42.450608','松本 仁','matsumoto_18_60746213@gmail.com','password',NULL),(17,'2023-05-16 22:51:42.450608','2023-05-16 22:51:42.450608','樋口 奈津子','natsukohiguchi_35186911@yahoo.co.jp','password',NULL),(18,'2023-05-16 22:51:42.450608','2023-05-16 22:51:42.450608','倉重 俊輔','shunsuke_kurashige_29776542@hotmaill.com','password',NULL),(19,'2023-05-16 22:51:42.450608','2023-05-16 22:51:42.450608','和田 信一','wada_417_32411914@yahoo.co.jp','password',NULL),(20,'2023-05-16 22:51:42.450608','2023-05-16 22:51:42.450608','坂口 拓馬','takumasakaguchi_34637777@gmail.com','password',NULL),(21,'2023-05-16 22:51:42.450608','2023-05-16 22:51:42.450608','森田 志保','moritashiho_80799776@hotmaill.com','password',NULL),(22,'2023-05-16 22:51:42.450608','2023-05-16 22:51:42.450608','松崎 綾子','ayakomatsuzaki_80813995@hotmaill.com','password',NULL),(23,'2023-05-16 22:51:42.450608','2023-05-16 22:51:42.450608','児玉 慎一','shinichi_kodama_60978058@hotmaill.com','password',NULL),(24,'2023-05-16 22:51:42.450608','2023-05-16 22:51:42.450608','吉村 和貴','yoshimurakazuki_22590944@hotmaill.com','password',NULL),(25,'2023-05-16 22:51:42.450608','2023-05-16 22:51:42.450608','岡田 英敏','okada1030_40507235@yahoo.co.jp','password',NULL),(26,'2023-05-16 22:51:42.450608','2023-05-16 22:51:42.450608','渡辺 夏実','natsumi_watanabe_72155184@gmail.com','password',NULL),(27,'2023-05-16 22:51:42.450608','2023-05-16 22:51:42.450608','杉本 萌','sugimoto72_72187793@yahoo.co.jp','password',NULL),(28,'2023-05-16 22:51:42.450608','2023-05-16 22:51:42.450608','林 千明','hayashi_chiaki_16898246@yahoo.co.jp','password',NULL),(29,'2023-05-16 22:51:42.450608','2023-05-16 22:51:42.450608','瓜生 亮太','uryuuryouta_49732022@yahoo.co.jp','password',NULL),(30,'2023-05-16 22:51:42.450608','2023-05-16 22:51:42.450608','大橋 雅弘','ohashi_425_22639159@yahoo.co.jp','password',NULL),(31,'2023-05-16 22:51:42.450608','2023-05-16 22:51:42.450608','植田 知之','ueda_tomoyuki_21415908@yahoo.co.jp','password',NULL),(32,'2023-05-16 22:51:42.450608','2023-05-16 22:51:42.450608','川嶋 健司','kawashimakenji_23872089@hotmaill.com','password',NULL),(33,'2023-05-16 22:51:42.450608','2023-05-16 22:51:42.450608','林 琢磨','takumahayashi_54228954@yahoo.co.jp','password',NULL),(34,'2023-05-16 22:51:42.450608','2023-05-16 22:51:42.450608','宮野 誠','miyanomakoto_26109092@hotmaill.com','password',NULL),(35,'2023-05-16 22:51:42.450608','2023-05-16 22:51:42.450608','若松 英一郎','eiichirou_wakamatsu_96483850@gmail.com','password',NULL),(36,'2023-05-16 22:51:42.450608','2023-05-16 22:51:42.450608','都筑 脩平','tsuzuki_26_87804859@hotmaill.com','password',NULL),(37,'2023-05-16 22:51:42.450608','2023-05-16 22:51:42.450608','加藤 和人','kato_115_31860055@gmail.com','password',NULL),(38,'2023-05-16 22:51:42.450608','2023-05-16 22:51:42.450608','井上 恵','megumi_inoue_28428883@gmail.com','password',NULL),(39,'2023-05-16 22:51:42.450608','2023-05-16 22:51:42.450608','佐藤 寛子','hirokosato_68529527@yahoo.co.jp','password',NULL),(40,'2023-05-16 22:51:42.450608','2023-05-16 22:51:42.450608','中野 一樹','nakano_123_39006870@gmail.com','password',NULL),(41,'2023-05-16 22:51:42.450608','2023-05-16 22:51:42.450608','中村 智寛','nakamuratomohiro_98624865@hotmaill.com','password',NULL),(42,'2023-05-16 22:51:42.450608','2023-05-16 22:51:42.450608','矢野 俊明','yano_toshiaki_48476125@hotmaill.com','password',NULL),(43,'2023-05-16 22:51:42.450608','2023-05-16 22:51:42.450608','荻野 優子','ogino_1220_14193705@hotmaill.com','password',NULL),(44,'2023-05-16 22:51:42.450608','2023-05-16 22:51:42.450608','上杉 浩伸','uesugi_hironobu_27961074@hotmaill.com','password',NULL),(45,'2023-05-16 22:51:42.450608','2023-05-16 22:51:42.450608','若林 和美','kazumiwakabayashi_36661073@gmail.com','password',NULL),(46,'2023-05-16 22:51:42.450608','2023-05-16 22:51:42.450608','松永 健太','matsunagakenta_02716019@yahoo.co.jp','password',NULL),(47,'2023-05-16 22:51:42.450608','2023-05-16 22:51:42.450608','齋藤 彩','saitoaya_07966174@hotmaill.com','password',NULL),(48,'2023-05-16 22:51:42.450608','2023-05-16 22:51:42.450608','藤澤 直之','fujisawa_tadayuki_77604802@yahoo.co.jp','password',NULL),(49,'2023-05-16 22:51:42.450608','2023-05-16 22:51:42.450608','荒井 優','arai_1226_57042552@hotmaill.com','password',NULL),(50,'2023-05-16 22:51:42.450608','2023-05-16 22:51:42.450608','山口 敦子','yamaguchi_923_81373402@hotmaill.com','password',NULL);
/*!40000 ALTER TABLE `users` ENABLE KEYS */;
UNLOCK TABLES;
/*!40103 SET TIME_ZONE=@OLD_TIME_ZONE */;

/*!40101 SET SQL_MODE=@OLD_SQL_MODE */;
/*!40014 SET FOREIGN_KEY_CHECKS=@OLD_FOREIGN_KEY_CHECKS */;
/*!40014 SET UNIQUE_CHECKS=@OLD_UNIQUE_CHECKS */;
/*!40101 SET CHARACTER_SET_CLIENT=@OLD_CHARACTER_SET_CLIENT */;
/*!40101 SET CHARACTER_SET_RESULTS=@OLD_CHARACTER_SET_RESULTS */;
/*!40101 SET COLLATION_CONNECTION=@OLD_COLLATION_CONNECTION */;
/*!40111 SET SQL_NOTES=@OLD_SQL_NOTES */;

-- Dump completed on 2023-05-16 23:00:21
